gene,baseMean,log2FoldChange,lfcSE,stat,pvalue,padj,direction
LOC101104237,152.163455113521,-2.7337264101720997,0.3565798964286628,-7.666518605091938,1.7672753968309847e-14,2.53303582627785e-10,Down
LOC114108743,179.07349307291216,-3.423567912508232,0.47013440184299105,-7.282104647282518,3.2865196953767773e-13,2.3552843396917673e-9,Down
SARDH,2127.377166756594,1.4474458158944854,0.20959782838372218,6.90582448805036,4.991267759396221e-12,2.3846613598475348e-8,Up
RNF208,110.4428973753235,2.2445452608151295,0.33259581461391974,6.748567366731954,1.4931207189388093e-11,5.350224816137488e-8,Up
WFDC1,1271.118951984119,1.4913495249331494,0.22326009949627132,6.679874855820605,2.391463771578094e-11,6.855370047605764e-8,Up
LOC105611550,2550.5589876335143,1.4001463507586343,0.21800109261089554,6.422657492170091,1.33915581112122e-10,3.199020040133408e-7,Up
LOC114109518,937.0151929962152,-8.644476389558177,1.3578583260014108,-6.366257969647119,1.93695555208669e-10,3.966054846865504e-7,Down
LOC114117878,665.4425741880153,-2.6190830907561353,0.4227228763434547,-6.195744865788096,5.801002925412939e-10,1.0393221866242956e-6,Down
C1QL1,97.81620185133377,2.0232317043409234,0.3341595442431817,6.0546877657593825,1.4069028380224924e-9,2.0165138377376384e-6,Up
MAPK4,788.8245493328291,2.3855946674404427,0.3937486284423919,6.0586742279648895,1.372480354702767e-9,2.0165138377376384e-6,Up
COL28A1,120.04362043199848,-2.1442663941994917,0.3556710100836287,-6.028791589439105,1.6519014225996394e-9,2.1524275536473303e-6,Down
GAL3ST1,184.2878236794892,1.8816226074724978,0.31357354678758137,6.000578259068302,1.9661605977201566e-9,2.3484149872602505e-6,Up
NRARP,55.50365470544173,2.77164539242468,0.4629336428939922,5.987133220860691,2.135718478873429e-9,2.354711765976373e-6,Up
NRTN,247.32117036258765,1.7722112178442597,0.30323552677649696,5.844339008306528,5.085836210632955e-9,5.2068064576430105e-6,Up
NOXA1,274.25523446438314,1.8778490433921697,0.3256646743517022,5.766204293205541,8.107677176312252e-9,7.747155797872234e-6,Up
TPT1_1,311.4954185490286,2.182382515620763,0.3827455274690117,5.7019151341943655,1.1846880938071554e-8,1.0612584030336224e-5,Up
GGT6,137.83500657288565,1.672871540080582,0.29670934392831333,5.6380817601914055,1.7195486712839988e-8,1.4497818297360914e-5,Up
CLDN5,407.8672124503783,1.53952817537692,0.27582170015562274,5.581606430923656,2.3830715281100975e-8,1.8975869006890018e-5,Up
ENDOG,311.68300414370384,1.7423180868668855,0.3152800337739165,5.5262557099200285,3.271372312161381e-8,2.4678199658004776e-5,Up
LOC101108945,342.0473382535338,2.1616064513211244,0.3940841770756414,5.485138904488979,4.1314465403655564e-8,2.960801163152976e-5,Up
MZF1,398.6724404869038,1.3688057756716736,0.2524921849128676,5.421180763056227,5.920665298035918e-8,4.0409950341308956e-5,Up
PGP,524.298757127737,1.3076177398487256,0.24345938496365763,5.370989251631931,7.83058770942234e-8,5.1016278926886546e-5,Up
ATP6V0E2,807.89885858552,1.18029978075624,0.22055305377136353,5.351545855174595,8.720603283740084e-8,5.4344524724281136e-5,Up
LOC114117760,124.50395931312816,1.4299694608862823,0.27298209129459544,5.238327005646298,1.6203876518078185e-7,9.290006485344586e-5,Up
GLIS2,1436.574758422202,1.0415154092225698,0.19857761157408368,5.24487831718134,1.563855039741272e-7,9.290006485344586e-5,Up
ANKRD9,1463.3614408311169,1.8452492253837112,0.35340938385503695,5.221279653798337,1.7769096858175188e-7,9.79555635647019e-5,Up
ADAMTS13,397.2594092564684,1.5994170714925213,0.31023529512614195,5.155496800717652,2.529593611182514e-7,1.2948809010385347e-4,Up
ATP8B4,138.08345606672103,-1.6505470838289265,0.3253988187399722,-5.072381916505624,3.9286691964720733e-7,1.9417108825184215e-4,Down
AKR7A2,1307.8663310639413,1.2343588821521148,0.24366028851131877,5.0659009299119955,4.064732859417606e-7,1.941993869134418e-4,Up
SIPA1,714.2346899269245,1.096249630634943,0.21707027646894603,5.050206082875524,4.41333679096273e-7,1.9767611320271503e-4,Up
AP5B1,319.09186578427006,1.4379034925290148,0.2846922639476293,5.05072906650363,4.401269626333964e-7,1.9767611320271503e-4,Up
SLC6A17,143.68643755390673,1.308651590368094,0.26131735218966873,5.007901616186023,5.502664755387637e-7,2.3618019453572366e-4,Up
ZNF444,286.62327193431355,2.0099225818218467,0.40162808714843107,5.004437304403545,5.602544208619692e-7,2.3618019453572366e-4,Up
ATG4D,314.6410429606831,1.0089796369656774,0.20338623097648345,4.96090434500623,7.016574024486071e-7,2.793570985915524e-4,Up
TMEM238,722.0558531246784,1.9000138866280514,0.3827177951611588,4.96452976749611,6.886772340383219e-7,2.793570985915524e-4,Up
LOC114112490,407.3425578949138,2.428524953959821,0.4926412183837105,4.929601631644799,8.239746216874962e-7,3.191899527742401e-4,Up
SEMA5A,1297.9585840972368,-1.2626300255229421,0.2568121022768216,-4.91655188493389,8.808186071827144e-7,3.255444794863842e-4,Down
GNAZ,290.980536184238,1.3517126662893684,0.27499286761902014,4.915446273181362,8.858044163796123e-7,3.255444794863842e-4,Up
PRKCB,372.46786788461117,-1.0192819473122705,0.20837404963932513,-4.891597341782947,1.000209053312618e-6,3.583999090282438e-4,Down
LOC101104661,71.54209833647559,-2.661321522130226,0.5505384065815218,-4.834034265938442,1.337935411418225e-6,4.565863869489862e-4,Down
ADAMTSL2,731.7514384643205,2.1076247600219333,0.4370615448545797,4.8222608116282295,1.4194018464055105e-6,4.731229456867484e-4,Up
ATP13A2,789.5400614429475,1.3634886959513233,0.2837682344564384,4.8049377287176025,1.5479967678425037e-6,5.042599471246956e-4,Up
LENG9,145.29217665247083,1.2830915046666227,0.2673181054061343,4.799867568705201,1.5877058374267885e-6,5.057019503964036e-4,Up
TLE2,277.080009256254,1.0770850865866055,0.22680365727139626,4.748975830216668,2.044493721750675e-6,6.234835854011154e-4,Up
COL4A2,3657.4278956542175,1.1599638490034259,0.24566256185003688,4.721777059833473,2.337928732176849e-6,6.981152607977246e-4,Up
LOC101117107,19.022705081471464,-3.2216219461177316,0.6831306332354865,-4.715967619339923,2.405646954023683e-6,7.036762814698254e-4,Down
LOC114117822,50.62290552950999,-1.9537967682849713,0.4160843021081632,-4.6956752715392565,2.6572740171460196e-6,7.617341697550781e-4,Down
FAM181B,112.78134943141745,1.8943819650627383,0.4059228256178393,4.666852528382392,3.058486803371692e-6,8.595547324064013e-4,Up
CITED4,944.2846483977493,1.7723318010725828,0.3805329209349861,4.657499268967021,3.2007356005330693e-6,8.713999372562659e-4,Up
BCAR1,1224.734639416748,1.2360863362416525,0.26569537340048577,4.652268951550335,3.2830249502433795e-6,8.713999372562659e-4,Up
ADORA2A,122.10622919520227,1.380108633934762,0.2964461745334509,4.655511699912426,3.2317705278488893e-6,8.713999372562659e-4,Up
LOC101110693,109.727246098871,1.5912535102539174,0.3447787167308811,4.615289265363728,3.925481796065582e-6,0.0010047130461251427,Up
LOC105604543,142.75909018189162,1.4026445672143653,0.30688050940221456,4.570653802506505,4.862049287015279e-6,0.001201512972944655,Up
CKB,920.2700666344613,1.9800323473208652,0.43356527445400417,4.566861010292746,4.950820416405105e-6,0.0012027137123446503,Up
AMN,15228.279285878858,1.649248959580565,0.36284438876493147,4.545334062335549,5.484819345190951e-6,0.0013102319279103649,Up
LOC114117764,129.08562282894277,2.479100083686078,0.5495120870439032,4.511456876267055,6.438387408401969e-6,0.0014365526476351452,Up
NCOR2,2105.1376081156013,1.0400702913272972,0.23024824129883636,4.517169318906557,6.267179116323663e-6,0.0014365526476351452,Up
CASTOR1,1210.6098651858301,1.6277366776700377,0.360793180265834,4.511550568862511,6.435543582835399e-6,0.0014365526476351452,Up
LOC101109397,41.659073133787096,2.1162949800609363,0.46935368582602705,4.508955706476272,6.5147507218505856e-6,0.0014365526476351452,Up
FZD9,23.371066716869663,2.60098833996316,0.5853897706966734,4.44317354037075,8.864161205588842e-6,0.001896268993428431,Up
LOC105605640,63.188141852797585,2.1357480027749323,0.4855662797379494,4.398468534362711,1.0901742838794836e-5,0.0022645605812818314,Up
TBXAS1,135.55606532769488,-1.9900709363238749,0.45280739306602064,-4.394961228103704,1.1079252675020132e-5,0.0022685561227294795,Down
ZNF787,668.982193193245,1.4522405573954296,0.3311177884165706,4.385872967864849,1.1552152911885696e-5,0.0023320705307895446,Up
LOC114118278,622.6452828067312,-1.036458086493756,0.23672393803724037,-4.378340843293613,1.1958622420926058e-5,0.002380596321654628,Down
FASTK,772.4865556169227,1.0176258264828284,0.23422047373861696,4.344734728948027,1.3944406701160282e-5,0.0027008808276720313,Up
LOC114112677,90.83416725639411,6.4075488899261455,1.4811777693473167,4.325982351699514,1.5185358099751584e-5,0.0028811587858577174,Up
KCP,478.0277019034415,1.176184838001733,0.27247278048344226,4.316705822559064,1.5837500326941225e-5,0.0029480375608577736,Up
HOXB2,242.94369869158047,1.386649889773399,0.3219271108150276,4.30734114397137,1.6522867865156905e-5,0.0029602783138911737,Up
TMEM132A,317.40139325287305,1.5928398388234193,0.36946399966128907,4.3112179814100315,1.6235775279523972e-5,0.0029602783138911737,Up
LOC101103616,1052.9469746587529,1.615823255053562,0.3750656083521634,4.308108285781308,1.646567724391506e-5,0.0029602783138911737,Up
C9H8orf82,175.07498600812244,1.8311660664384044,0.42556728346509703,4.302882617123428,1.6859018031723703e-5,0.0029832136475147633,Up
IL17D,80.2065288932914,1.6193740949758277,0.37796566538913723,4.284447618565008,1.8319376140195165e-5,0.00314942974978456,Up
PRR35,198.58492343786577,1.8569027976756471,0.4335745245433499,4.282776529897317,1.8457552430189287e-5,0.00314942974978456,Up
CRELD2,520.4876530833452,1.3539949789446393,0.31845175081085564,4.251805730372148,2.120537724796538e-5,0.0035757255540598567,Up
HRG,447.83770812680774,-2.133090215456286,0.5032386565557976,-4.238724882653714,2.2479293318050268e-5,0.0037017533762655924,Down
FAM234A,7108.811433020151,1.176552884238201,0.2774007786371781,4.241346725911878,2.221825952835655e-5,0.0037017533762655924,Up
ZNF865,381.48549788142424,1.4051577249844742,0.33195927586092383,4.232922009304457,2.3067451567371933e-5,0.0037148964417431677,Up
GDF1,102.12434663194891,1.7941724533937116,0.4259719619556592,4.21194964371968,2.5317599161214002e-5,0.004031968319752003,Up
HSD17B1,533.821878247472,1.1860904076997851,0.2836675653932682,4.181269036012012,2.8988661685219723e-5,0.004565873493783014,Up
KCTD17,176.17672528621503,1.0972476075941104,0.2643848845547319,4.150190391716447,3.3219883630900656e-5,0.005175441218279338,Up
SH3BP2,366.8670145789399,1.0695861021856055,0.25825653604901877,4.141564502292368,3.4494483485521596e-5,0.0053162304494406565,Up
EPN3,416.1964305501828,1.24438789604922,0.3017950867026806,4.123287458536902,3.7350309932156254e-5,0.005695127577208463,Up
PRR15,87.13474639908794,2.2417112349612562,0.5452991407047953,4.110975183389909,3.9399155016921425e-5,0.005882375925599321,Up
LENG8,2133.6626989768833,1.1711971837754345,0.2858316591751501,4.0975068582509815,4.1762379856909054e-5,0.006170929798856469,Up
SCRIB,514.4409929781505,1.0255434163687867,0.2518378125995008,4.072237626998907,4.656363848671128e-5,0.006681656728830544,Up
LOC105602111,133.3381242903494,1.0276785611496946,0.25237875005911736,4.071969454278423,4.661729385914005e-5,0.006681656728830544,Up
LOC101107260,595.7444927493536,1.3023358324188024,0.3197593247498925,4.072862717725139,4.643879903467654e-5,0.006681656728830544,Up
EXOC3L4,953.2923345401827,1.1576118841113012,0.28496652071701395,4.062273284590044,4.8597136999320955e-5,0.006894775513710838,Up
ADRB1,126.92114540640695,1.646643632417807,0.40557419382873755,4.060030587432143,4.9066287755424924e-5,0.006894775513710838,Up
LOC106991804,588.2440201115124,2.3535100425551345,0.5802281890514115,4.056180114935092,4.988179891597606e-5,0.006941318678278493,Up
TOR4A,84.92751806149172,1.8792280006159168,0.4650290959300453,4.041097679829071,5.320159106032537e-5,0.007262270520644223,Up
ZNF771,745.19032141858,1.059830242572291,0.26589195787747694,3.985943204271943,6.721258932356592e-5,0.00875780038886064,Up
ZBTB45,213.55852642537164,1.3999647537018158,0.3544580334014967,3.9495923967847206,7.828438806141687e-5,0.009842545035827089,Up
MCRIP2,1761.3836373276404,1.4411999790668475,0.3663500983561217,3.9339418374220974,8.356401237933809e-5,0.010366742197344828,Up
ATP5MC3,4221.32592634798,1.0554008518630598,0.2689422947025817,3.924265065969665,8.69949089161444e-5,0.010478134701639476,Up
C3H9orf16,386.3195142516675,1.3453340033019816,0.3427957369656392,3.924593739731465,8.687622585652436e-5,0.010478134701639476,Up
BAIAP3,376.3604937995808,1.3420575551937108,0.3445674725526282,3.89490495214614,9.823724358805163e-5,0.011569840012981605,Up
LOC101103639,5435.852038461577,1.2723841512192013,0.3284052973387503,3.874432481844945,1.0687346828468423e-4,0.012453800170116902,Up
CEBPA,190.69792569867013,1.5453511124352275,0.4002778935767855,3.8606956247979305,1.1306467696712377e-4,0.013069000120724074,Up
SSPO,38.187843922845225,2.8589628253876076,0.7415428105082804,3.8554251823006287,1.1552866030138597e-4,0.013141843556347342,Up
HSPB7,20.989069663054288,2.2340432969171116,0.5837143888137901,3.827288378922916,1.2956269068539408e-4,0.014127264626961223,Up
ZBTB7B,1002.470089170513,1.1565081926447534,0.30303489172729425,3.8164192448357164,1.3540236285395258e-4,0.014403148683183795,Up
MESP1,44.48499907495043,1.4658516945838374,0.38413821299345563,3.8159486481726574,1.3566071807924457e-4,0.014403148683183795,Up
TUBB4A,179.18366265383298,1.363977635978919,0.35767290244761724,3.8134776960876415,1.370248968535687e-4,0.014441013577957355,Up
LOC114113841,117.42417924948674,1.3944305497937863,0.3669960556518206,3.7995791189557675,1.4494203432152556e-4,0.014923450994154824,Up
LOC101106288,3003.4822549175083,1.321155575633423,0.34737353558929696,3.803270659039029,1.4279819197473399e-4,0.014923450994154824,Up
GGT5,981.2566444667141,1.3452931667988643,0.354656503881733,3.7932285241481942,1.4870118841130335e-4,0.015067412967002093,Up
LOC114108710,85.62683704398236,8.286338053056845,2.194895160630668,3.775277380754668,1.5982971058045752e-4,0.015702785599073132,Up
PWWP2B,142.4432266295794,1.1204628313489602,0.29680465226970576,3.775085136909505,1.5995302431205452e-4,0.015702785599073132,Up
CST6,30.318728817647973,1.9799925261294062,0.5278143041937678,3.751305166224756,1.759164274114764e-4,0.017092186512698074,Up
SLX1A,396.9158949154692,1.243310828660564,0.3315220320503057,3.7503113170828475,1.7661516038546573e-4,0.017092186512698074,Up
MRPL57,394.0012423940266,1.6586391364775601,0.44374847183553706,3.7377912077459237,1.8564401141439704e-4,0.017553026197897732,Up
VASN,542.3092346741853,1.0887270634852377,0.29132866816904557,3.737109259887516,1.8614804870442024e-4,0.017553026197897732,Up
LOC114116592,102.19176504597391,1.261978654020893,0.3386627258845497,3.726358283819821,1.9426621457939328e-4,0.01819880819324473,Up
CCL21,170.20832348507997,1.39767496964193,0.37623886525636335,3.7148606874772914,2.0331567553185195e-4,0.018561296671325056,Up
LOC101108756,451.0493288624973,1.3402918796193821,0.360663397871943,3.716184917925233,2.0225358251022926e-4,0.018561296671325056,Up
RTN4R,63.630079581355375,1.3586310772805112,0.3661714605236059,3.710368567058013,2.069577223393378e-4,0.018774209077783096,Up
RNF224,155.02223906829,1.5718440717169457,0.42761879281803034,3.6758068123208774,2.3709889919848313e-4,0.020686516377991477,Up
KCTD4,27.51605831565157,2.571540340455068,0.7012543914780968,3.66705773497518,2.45357411864826e-4,0.020686516377991477,Up
HOXB3,100.19903778536725,1.091764161325836,0.29768497948162115,3.667515113550567,2.4491907811042423e-4,0.020686516377991477,Up
SPSB3,47.79516053097902,1.6167278810796835,0.4402696377117292,3.6721312182291608,2.4053611428724074e-4,0.020686516377991477,Up
LOC114111235,38.540262163863304,1.594096195623253,0.4343167972406221,3.670353543199677,2.422152204530761e-4,0.020686516377991477,Up
WDR97,145.77177377460725,1.6137285843163423,0.44092915887626793,3.6598363973682706,2.523763287125429e-4,0.021153859177993433,Up
ZFAT,1709.268802144005,1.5923643246509958,0.4359557982901274,3.652582052805458,2.5961659970887734e-4,0.02163421350946127,Up
CLIC3,44.113706474242136,1.8590347245167493,0.5100496873427165,3.644811026553208,2.6758834876048363e-4,0.022042205763126505,Up
NR4A2,86.87617485384935,-2.3987158464522413,0.6596310624384512,-3.636450711682579,2.764205046633053e-4,0.022639629104795174,Down
DMWD,355.46446754087856,1.1214704009105794,0.3096004434496026,3.622315228024325,2.919780087689675e-4,0.023379445808299502,Up
TP53I13,286.5516734693074,1.6865333454451756,0.466049705349458,3.618784275768531,2.959902402230109e-4,0.023569045072868975,Up
LOC105609758,99.45033167372786,-1.35404641208649,0.37455270567903476,-3.61510247171145,3.0022884405951373e-4,0.023750684056680113,Down
ATP2B3,199.69028304849274,1.1494494445995924,0.3180604118418568,3.6139343401564594,3.0158546698637973e-4,0.023750684056680113,Up
MCTP2,56.624433999157915,-2.328776493842583,0.6475809930951548,-3.596116190365697,3.23003572559035e-4,0.02529841642343524,Down
RFX2,48.7582874652314,1.6210580347880441,0.4514442622163216,3.5908265326700968,3.296309763209837e-4,0.025538382614100862,Up
GPC1,508.452263476446,1.1226133619389,0.313591916688604,3.579854269820521,3.437858787327386e-4,0.0257983403134887,Up
IER5L,118.79531267403877,1.4673697721790786,0.4095985962758105,3.5824580101612433,3.4037634133749254e-4,0.0257983403134887,Up
CRTAC1,173.29658699598602,1.2197443915663777,0.34023670253847804,3.584987693761329,3.37094099815081e-4,0.0257983403134887,Up
PRIMPOL,253.23665984116178,1.4776713594394804,0.41265670861908704,3.580873226039035,3.4244779178618995e-4,0.0257983403134887,Up
ZFPM1,240.18197905133042,1.3257796743558798,0.3710380593590851,3.5731635634521526,3.5269430284732314e-4,0.02600314019544246,Up
EMX1,374.40401996730316,1.013199005074833,0.28414116513857346,3.5658296979978372,3.6270685844091587e-4,0.026400314286426238,Up
MIEF2,134.4484411844344,1.415838839798211,0.39706960329579205,3.5657195314029098,3.628592698266915e-4,0.026400314286426238,Up
WDR90,303.7101280548994,1.011262942743929,0.2839997298505803,3.5607883967917187,3.697429641720386e-4,0.026630783444612206,Up
TNFRSF6B,28.957872560909973,1.7218186388687227,0.4855062367804277,3.546439795061629,3.904739524773034e-4,0.027569769265306358,Up
NDOR1,492.1247169555831,1.0382359545346365,0.29332162696825875,3.5395820119564085,4.0076122712715554e-4,0.027851516127651053,Up
KIFC2,87.03898235940966,1.2685758890565617,0.3587528065777635,3.5360723757336916,4.0612341245231773e-4,0.027851516127651053,Up
NRSN2,42.89276811743709,1.695907035547453,0.4817660060649614,3.520188253628623,4.3124060340556596e-4,0.028916422840120585,Up
ZNF219,427.4035959693232,1.1152969299710285,0.31768618576690943,3.5106875273114224,4.469494355870376e-4,0.029251718083420135,Up
KIF26A,55.10106917023742,1.646807871433848,0.47001114727962107,3.503763434049197,4.58732677216105e-4,0.029525285981847425,Up
AJM1,30.509490831264063,3.258366342537474,0.9334084855691016,3.4908257134076077,4.8153026454657896e-4,0.030538819830735028,Up
LOC114117869,23.148078773665087,2.504969356648064,0.7184326875489242,3.48671406529993,4.889938660478781e-4,0.030574666442483103,Up
FAM222A,33.35410215951727,1.6288299635339158,0.4669879796322058,3.4879483724972173,4.867420546489114e-4,0.030574666442483103,Up
TMEM160,366.3752048679675,1.5924307949119256,0.45709272092817527,3.48382444524237,4.943036011063935e-4,0.03067036153531575,Up
DACT2,47.94784630318745,1.8984733904445132,0.545184407148969,3.482259150390126,4.972022629298912e-4,0.030717241528336766,Up
SLC41A2,257.2605435665206,-1.9763329415719142,0.5691298096461871,-3.4725521455299417,5.155348507319367e-4,0.03157761117752499,Down
LOXL1,611.9907724403356,1.0292204904704823,0.2965128813137309,3.4710818832234702,5.183659046623895e-4,0.03161590855968523,Up
WFIKKN1,52.273692090197805,1.3271961275972743,0.38327382703991164,3.4627883094638467,5.346088226231409e-4,0.03167005243969823,Up
TRIM50,39.680692580782406,1.9089555961273912,0.5524528422291446,3.4554181827081645,5.49439917994923e-4,0.032143356508658086,Up
CASKIN1,80.55142590653395,1.4319780219534712,0.4148888036670761,3.451474248754492,5.575329570464489e-4,0.032352712037841104,Up
GALK1,474.8753704106766,1.0257931257186421,0.2974565521389685,3.4485477571171557,5.636097930652734e-4,0.03244264724499824,Up
PTMS,3870.8394297357736,1.3475494637659668,0.3918166675996176,3.439234660489165,5.833613336843072e-4,0.0334452719827887,Up
GRIN1,72.96423505685853,1.9619127159186258,0.5710794062932065,3.4354464445725967,5.915783776544411e-4,0.03357613006959558,Up
MMP15,230.56203310126477,1.0932374357164387,0.31858351758738107,3.4315567986551145,6.001274447421207e-4,0.033725847492733475,Up
STC1,979.4672571431238,-1.8411638057077246,0.537859315957179,-3.423132687459683,6.190385188788425e-4,0.03418722211487633,Down
MEDAG,25.56727727062527,-4.578986523711624,1.341822451629614,-3.4125129730468773,6.436686317183713e-4,0.03433521380962748,Down
SCARF2,441.33085620750666,1.0242561211852683,0.30012912314593254,3.4127182009166157,6.43184134207267e-4,0.03433521380962748,Up
XRCC3,34.32109090623261,2.0352962006079527,0.5958374178158657,3.415858319319129,6.358131838279063e-4,0.03433521380962748,Up
SIVA1,348.3821585887057,1.005087340035552,0.29443513136082083,3.4136121440068563,6.410776867259348e-4,0.03433521380962748,Up
ATP5ME,1294.7645993671629,1.2782760024435647,0.3748805093843866,3.409822517960982,6.500516737837439e-4,0.03450811348274963,Up
ISOC2,1901.951876354367,1.1214087236301695,0.33079383041136545,3.390053321839826,6.987903026660252e-4,0.03587475121569957,Up
MRPS11,290.59132050419504,1.1556594169670735,0.3410778785543533,3.38825672853747,7.033839379253891e-4,0.035877587125567975,Up
LOC114113676,128.16768148450842,-1.5674248080925393,0.4628245787706151,-3.386649888508591,7.075161572520797e-4,0.03596038681522716,Down
LOC105613000,895.8926966376123,-1.4430336841141211,0.4277818548184728,-3.373293345334775,7.427477687807267e-4,0.036614644866824725,Down
TMEM9,1811.8422028943244,1.1157540639586652,0.33075461629073666,3.373359006962146,7.425706511876853e-4,0.036614644866824725,Up
LOC101107809,91.27210604496209,-1.731308674593986,0.5129209894410524,-3.3753905771737918,7.371099779206187e-4,0.036614644866824725,Down
CHCHD10,6022.742277937377,1.535136070657214,0.4546849651505209,3.376263101527924,7.347761819374748e-4,0.036614644866824725,Up
GATA2,326.0626517537196,1.129722085681692,0.33459793388434084,3.376357028170409,7.345253600233925e-4,0.036614644866824725,Up
MESP2,57.16643562192093,2.9207282665915235,0.8672171809578363,3.3679317369676607,7.573434530037729e-4,0.037174670246243414,Up
PIDD1,141.65583032435023,1.0692861409928895,0.31781655086980093,3.364475947103652,7.668916845603273e-4,0.03751487547714393,Up
CDK3,222.87274965331443,1.561652472460899,0.46459139219507545,3.3613461176766335,7.756356284613329e-4,0.037813555995701645,Up
UBALD2,401.6456150126547,1.0699339624777233,0.31848356610128825,3.3594636469796657,7.809392509419838e-4,0.03794305858898798,Up
LOC101116687,730.0336460904341,-1.2496771970025644,0.37213180153162967,-3.3581574911338152,7.846389400534965e-4,0.03799402002630664,Down
SCN3A,129.1638147127436,-1.4598766708647664,0.4354513019515865,-3.3525601239953935,8.006784858900883e-4,0.0383816880878349,Down
KMT5C,113.60981873648683,1.1024821099015514,0.3292080180107062,3.3488920366019075,8.11354050060684e-4,0.03850707814410525,Up
ERICH3,61.940745411473145,-1.666802733535131,0.4990074154815859,-3.3402364009491126,8.370710293440024e-4,0.038953698258401254,Down
ESR1,164.9642547469001,-1.2596632019415472,0.37679591122524986,-3.3430914837834225,8.285058139123536e-4,0.038953698258401254,Down
MZT2B,852.8952007225668,1.5187636324363845,0.45457098123542417,3.3410923598966176,8.344945802708852e-4,0.038953698258401254,Up
SPPL2B,1062.4614464098145,1.0530170026363912,0.315665886598556,3.335859360614256,8.503617084305153e-4,0.03916128561647825,Up
LOC101112936,401.2055981441853,-1.2022137218136413,0.3608357635238353,-3.3317476906199963,8.630246196927482e-4,0.039519910140754504,Down
FAM151A,475.7661235311407,1.477045381031577,0.44437743318744266,3.3238532623877526,8.878289762236416e-4,0.04026978707662486,Up
SCAND1,708.8324145098301,1.1278304909389956,0.3401182314902626,3.3159953995917584,9.131733202236555e-4,0.041158846536998916,Up
SERF2,4329.094320126452,1.158274766851132,0.35015124211850107,3.307927054158897,9.398928784928553e-4,0.04196724183002522,Up
ABHD1,128.89128742437197,2.007048516668878,0.6069526483679698,3.306762927990536,9.438073087005562e-4,0.042011149551568545,Up
IL4I1,166.7608602474805,1.0709460282180878,0.32406582299810516,3.3047175981416275,9.507214265418061e-4,0.04204836310176367,Up
LOC114109083,117.27696812278964,1.85017542746642,0.559708183373675,3.3056072475381284,9.477082733497416e-4,0.04204836310176367,Up
TIGD6,168.9261392781274,1.1324723961345697,0.34396210617509626,3.292433601851702,9.932434803316757e-4,0.0431196627789388,Up
PLAC8,217.6289108665355,-1.4238110785459575,0.43307588518499623,-3.2876711155084304,0.0010101977690304305,0.043611941637087835,Down
LOC101113211,1817.9106715940175,1.6409929448363962,0.4995619551828996,3.2848637247317924,0.001020317082968794,0.04391653078135652,Up
SH2D6,20.875548336075493,3.0841489148136274,0.9419503926445605,3.2742158598764055,0.0010595563821533482,0.04492847475417625,Up
CIAPIN1,775.2421522711652,1.0662212029087093,0.32572326935369456,3.2733958646071644,0.0010626353827995361,0.04492847475417625,Up
APC2,130.44355685720888,1.7133779358427348,0.5238133971979242,3.2709700534737003,0.0010717925933221508,0.04518236247084231,Up
LOC114115685,62.80818541976266,-1.1259425486160322,0.344431123422137,-3.2689918885061666,0.001079313956252688,0.04536600274184686,Down
LOC101104414,33.16196262664422,-1.7232526399267112,0.5276107461207653,-3.266143937736011,0.0010902281800152572,0.04569076170806632,Down
PKP3,39.027419110037286,1.3929294005387667,0.4273883780807076,3.2591653680290933,0.0011174051463405485,0.04655746500726477,Up
TSPO,643.7467099210058,1.1528314572201896,0.3542850402749704,3.2539659487892725,0.0011380592027559662,0.04700807652190565,Up
FKBP5,2631.803005158126,1.8095828033180237,0.5560369569370486,3.254429010053903,0.0011362055327113426,0.04700807652190565,Up
THBS2,205.8119782974978,-1.1960072924638732,0.3688266498303764,-3.242735558870048,0.0011838803768242179,0.048343468492938795,Down
ZNF580,401.8594733876649,1.59786856186461,0.49296214692885554,3.2413615767849513,0.001189601918950737,0.04843910313727533,Up
PRODH2,2656.72956765277,1.2749922744052027,0.3938429661597594,3.237311273671476,0.0012066172012432492,0.048992760185324336,Up
LOC101108197,737.7348855884494,1.2321652115174109,0.3815409082218319,3.229444562733538,0.0012403092536429669,0.04940665092185579,Up
