,sample_id,replica,collection_date,complete_name,country,city,plant,study_accession,sample_accession,experiment_accession,total_reads,scientific_name,sample,pH,Temperature_C,Dissolved_Oxygen_mg_L,Conductivity_uS_cm,BOD_mg_L,Ammonia_NH4_mg_L,Phosphate_PO4_mg_L,DOC_mg_L
1,1015035,1,7/23/20,DTU_2022_1015035_1_MG_IT_BO_200723_GSL_192,Italy,Bologna,Gruppo HERA,PRJEB68319,SAMEA115117860,ERX11886920,13927903,wastewater metagenome,ERR12510879,7.47,26.7,1.06,1628,191,40.1,13.2,115.3
2,1014141,1,4/23/20,DTU_2022_1014141_1_MG_NL_RO_200423_GSL_1067,Netherlands,Rotterdam,Dokhaven,PRJEB68319,SAMEA115117929,ERX11886873,13975987,wastewater metagenome,ERR12510832,7.28,12.8,0.61,1336,123,28.2,8.9,79.7
3,1014178,1,1/20/21,DTU_2022_1014178_1_MG_NL_RO_210120_GSL_1104,Netherlands,Rotterdam,Dokhaven,PRJEB68319,SAMEA115117930,ERX11886891,12075523,wastewater metagenome,ERR12510850,7.05,5.6,2.09,1266,253,43.6,8.9,132.2
4,1014162,1,9/23/20,DTU_2022_1014162_1_MG_NL_RO_200923_GSL_1088,Netherlands,Rotterdam,Dokhaven,PRJEB68319,SAMEA115117931,ERX11886883,18896791,wastewater metagenome,ERR12510842,7.25,11.6,1.38,1210,274,54.9,7.9,116.5
5,1014149,1,6/24/20,DTU_2022_1014149_1_MG_NL_RO_200624_GSL_1075,Netherlands,Rotterdam,Dokhaven,PRJEB68319,SAMEA115117932,ERX11886877,11421156,wastewater metagenome,ERR12510836,6.91,19.3,0.27,1330,230,43.4,9.8,94
6,1014190,1,4/22/21,DTU_2022_1014190_1_MG_NL_RO_210422_GSL_1116,Netherlands,Rotterdam,Dokhaven,PRJEB68319,SAMEA115117933,ERX11886897,12740144,wastewater metagenome,ERR12510856,7.28,10.9,1.22,1352,129,44.6,9.2,86.5
7,1014200,1,7/8/21,DTU_2022_1014200_1_MG_NL_RO_210708_GSL_1126,Netherlands,Rotterdam,Dokhaven,PRJEB68319,SAMEA115117934,ERX11886902,11831341,wastewater metagenome,ERR12510861,7.63,20.5,0.46,1254,213,49.8,9,96.3
8,1014172,1,12/2/20,DTU_2022_1014172_1_MG_NL_RO_201202_GSL_1098,Netherlands,Rotterdam,Dokhaven,PRJEB68319,SAMEA115117935,ERX11886888,14107367,wastewater metagenome,ERR12510847,7.6,5.2,2.04,1289,290,57.9,8.7,137.2
9,1014180,1,2/3/21,DTU_2022_1014180_1_MG_NL_RO_210203_GSL_1106,Netherlands,Rotterdam,Dokhaven,PRJEB68319,SAMEA115117936,ERX11886892,12116464,wastewater metagenome,ERR12510851,7.79,6.9,0.45,1423,253,52.6,10.2,90.2
10,1014139,1,4/8/20,DTU_2022_1014139_1_MG_NL_RO_200408_GSL_1065,Netherlands,Rotterdam,Dokhaven,PRJEB68319,SAMEA115117937,ERX11886872,12892544,wastewater metagenome,ERR12510831,7.77,12.5,0.59,1179,180,49.3,10.7,89.4
11,1014196,1,6/9/21,DTU_2022_1014196_1_MG_NL_RO_210609_GSL_1122,Netherlands,Rotterdam,Dokhaven,PRJEB68319,SAMEA115117938,ERX11886900,17946524,wastewater metagenome,ERR12510859,7.64,19.1,0.52,1251,184,30.3,10.6,105.2
12,1014154,1,7/24/20,DTU_2022_1014154_1_MG_NL_RO_200724_GSL_1080,Netherlands,Rotterdam,Dokhaven,PRJEB68319,SAMEA115117939,ERX11886879,15633650,wastewater metagenome,ERR12510838,7.05,18.6,0.63,1249,168,40.7,10.8,137.7
13,1014145,1,5/21/20,DTU_2022_1014145_1_MG_NL_RO_200521_GSL_1071,Netherlands,Rotterdam,Dokhaven,PRJEB68319,SAMEA115117940,ERX11886875,12493631,wastewater metagenome,ERR12510834,7.38,12.4,0.2,1296,202,61.7,9.6,106
14,1014183,1,2/25/21,DTU_2022_1014183_1_MG_NL_RO_210225_GSL_1109,Netherlands,Rotterdam,Dokhaven,PRJEB68319,SAMEA115117941,ERX11886893,11462322,wastewater metagenome,ERR12510852,7.69,5.2,1.8,1419,214,66.2,7.2,141.7
15,1014146,1,6/3/20,DTU_2022_1014146_1_MG_NL_RO_200603_GSL_1072,Netherlands,Rotterdam,Dokhaven,PRJEB68319,SAMEA115117942,ERX11886876,17247822,wastewater metagenome,ERR12510835,7.26,17.5,0.84,1224,138,42.5,7.9,109.5
16,1014203,1,7/28/21,DTU_2022_1014203_1_MG_NL_RO_210728_GSL_1129,Netherlands,Rotterdam,Dokhaven,PRJEB68319,SAMEA115117943,ERX11886903,14462817,wastewater metagenome,ERR12510862,7.2,21.3,0.67,1422,151,43.8,12.6,67.9
17,1014184,1,3/3/21,DTU_2022_1014184_1_MG_NL_RO_210303_GSL_1110,Netherlands,Rotterdam,Dokhaven,PRJEB68319,SAMEA115117944,ERX11886894,18397168,wastewater metagenome,ERR12510853,7.6,12.4,0.31,1102,221,44.4,10.5,106.9
18,1014166,1,10/23/20,DTU_2022_1014166_1_MG_NL_RO_201023_GSL_1092,Netherlands,Rotterdam,Dokhaven,PRJEB68319,SAMEA115117945,ERX11886885,14426832,wastewater metagenome,ERR12510844,7.47,11.3,1.21,1580,219,45.5,11.3,80.5
19,1014151,1,7/6/20,DTU_2022_1014151_1_MG_NL_RO_200706_GSL_1077,Netherlands,Rotterdam,Dokhaven,PRJEB68319,SAMEA115117946,ERX11886878,12352071,wastewater metagenome,ERR12510837,7.19,20.7,1.19,1362,233,57.2,9.5,84.9
20,1014175,1,12/23/20,DTU_2022_1014175_1_MG_NL_RO_201223_GSL_1101,Netherlands,Rotterdam,Dokhaven,PRJEB68319,SAMEA115117947,ERX11886889,11285479,wastewater metagenome,ERR12510848,7.38,5.8,1.64,1342,283,55.1,12.9,124.7
21,1014194,1,5/26/21,DTU_2022_1014194_1_MG_NL_RO_210526_GSL_1120,Netherlands,Rotterdam,Dokhaven,PRJEB68319,SAMEA115117948,ERX11886899,14990555,wastewater metagenome,ERR12510858,7.19,12.9,0.37,1372,191,47.7,10.9,98.5
22,1014176,1,1/6/21,DTU_2022_1014176_1_MG_NL_RO_210106_GSL_1102,Netherlands,Rotterdam,Dokhaven,PRJEB68319,SAMEA115117949,ERX11886890,12191858,wastewater metagenome,ERR12510849,7.29,4.7,1.84,1332,200,56.4,10.8,112.3
23,1014159,1,9/2/20,DTU_2022_1014159_1_MG_NL_RO_200902_GSL_1085,Netherlands,Rotterdam,Dokhaven,PRJEB68319,SAMEA115117950,ERX11886882,13982033,wastewater metagenome,ERR12510841,7.11,11.1,1.64,1384,243,63.4,7.2,81.2
24,1014198,1,6/23/21,DTU_2022_1014198_1_MG_NL_RO_210623_GSL_1124,Netherlands,Rotterdam,Dokhaven,PRJEB68319,SAMEA115117951,ERX11886901,14933146,wastewater metagenome,ERR12510860,7.53,19.8,2.34,1386,245,49.6,11.3,93.7
25,1014156,1,8/5/20,DTU_2022_1014156_1_MG_NL_RO_200805_GSL_1082,Netherlands,Rotterdam,Dokhaven,PRJEB68319,SAMEA115117952,ERX11886880,13752808,wastewater metagenome,ERR12510839,7.34,17.8,0.61,1312,293,27.1,11.4,67.7
26,1014143,1,5/4/20,DTU_2022_1014143_1_MG_NL_RO_200504_GSL_1069,Netherlands,Rotterdam,Dokhaven,PRJEB68319,SAMEA115117953,ERX11886874,11453274,wastewater metagenome,ERR12510833,7.42,13.6,0.37,1193,227,36.2,10.4,100.9
27,1014192,1,5/5/21,DTU_2022_1014192_1_MG_NL_RO_210505_GSL_1118,Netherlands,Rotterdam,Dokhaven,PRJEB68319,SAMEA115117954,ERX11886898,14805351,wastewater metagenome,ERR12510857,7.56,15.2,0.2,1328,174,48.8,8.4,97.7
28,1014168,1,11/4/20,DTU_2022_1014168_1_MG_NL_RO_201104_GSL_1094,Netherlands,Rotterdam,Dokhaven,PRJEB68319,SAMEA115117955,ERX11886886,12233099,wastewater metagenome,ERR12510845,7.1,12.3,1.37,1229,174,69.1,10.8,74.8
29,1014164,1,10/7/20,DTU_2022_1014164_1_MG_NL_RO_201007_GSL_1090,Netherlands,Rotterdam,Dokhaven,PRJEB68319,SAMEA115117956,ERX11886884,11373290,wastewater metagenome,ERR12510843,7.66,14.2,0.89,1227,251,49.3,10.9,115.5
30,1014158,1,8/25/20,DTU_2022_1014158_1_MG_NL_RO_200823_GSL_1084,Netherlands,Rotterdam,Dokhaven,PRJEB68319,SAMEA115117957,ERX11886881,19175901,wastewater metagenome,ERR12510840,6.59,18.9,0.39,1262,150,55.1,7.1,91.2
31,1014187,1,3/24/21,DTU_2022_1014187_1_MG_NL_RO_210324_GSL_1113,Netherlands,Rotterdam,Dokhaven,PRJEB68319,SAMEA115117958,ERX11886895,12564543,wastewater metagenome,ERR12510854,7.04,14.2,1.27,1302,161,45.7,10.4,88
32,1014171,1,11/25/20,DTU_2022_1014171_1_MG_NL_RO_201125_GSL_1097,Netherlands,Rotterdam,Dokhaven,PRJEB68319,SAMEA115117959,ERX11886887,13238244,wastewater metagenome,ERR12510846,7.43,10.4,1.76,1538,150,72.1,6.1,97
33,1014188,1,4/7/21,DTU_2022_1014188_1_MG_NL_RO_210407_GSL_1114,Netherlands,Rotterdam,Dokhaven,PRJEB68319,SAMEA115117960,ERX11886896,15431617,wastewater metagenome,ERR12510855,7.24,12.4,0.72,1226,176,48.8,10.7,86.1
34,1014205,1,8/11/21,DTU_2022_1014205_1_MG_NL_RO_210811_GSL_1131,Netherlands,Rotterdam,Dokhaven,PRJEB68319,SAMEA115117961,ERX11886904,28705318,wastewater metagenome,ERR12510863,7.6,19.5,1.05,1176,178,48,11.2,99.6
35,1014208,1,8/30/21,DTU_2022_1014208_1_MG_NL_RO_210830_GSL_1134,Netherlands,Rotterdam,Dokhaven,PRJEB68319,SAMEA115117962,ERX11886905,13619667,wastewater metagenome,ERR12510864,7.25,20.9,1.02,1270,191,50.8,11.7,116.3
36,1014209,1,9/22/21,DTU_2022_1014209_1_MG_NL_RO_210922_GSL_1135,Netherlands,Rotterdam,Dokhaven,PRJEB68319,SAMEA115117963,ERX11886906,24778041,wastewater metagenome,ERR12510865,7.57,11,1.38,1349,195,55.8,11.2,83.6
37,1014210,1,9/29/21,DTU_2022_1014210_1_MG_NL_RO_210929_GSL_1136,Netherlands,Rotterdam,Dokhaven,PRJEB68319,SAMEA115117964,ERX11886907,12197916,wastewater metagenome,ERR12510866,7.1,9.5,1.96,1419,225,60,10,82.1
38,1014211,1,10/7/21,DTU_2022_1014211_1_MG_NL_RO_211007_GSL_1137,Netherlands,Rotterdam,Dokhaven,PRJEB68319,SAMEA115117965,ERX11886908,15311529,wastewater metagenome,ERR12510867,7.64,10,1.44,1176,187,58.3,8.9,83.6
39,1014213,1,10/20/21,DTU_2022_1014213_1_MG_NL_RO_211020_GSL_1139,Netherlands,Rotterdam,Dokhaven,PRJEB68319,SAMEA115117966,ERX11886909,18950866,wastewater metagenome,ERR12510868,7.27,11.4,1.31,1335,142,43.7,8.6,95.7
40,1014215,1,11/3/21,DTU_2022_1014215_1_MG_NL_RO_211103_GSL_1141,Netherlands,Rotterdam,Dokhaven,PRJEB68319,SAMEA115117967,ERX11886910,27442436,wastewater metagenome,ERR12510869,7.61,13.2,1.44,1297,160,54.9,9.4,106.5
41,1007228,1,4/27/20,DTU_2020_1007228_1_MG_RA_CPH_Sewage_655,Denmark,Copenhagen,Rensningsanlaeg Avedoere,PRJEB68319,SAMEA115117968,ERX11886771,15102222,wastewater metagenome,ERR12510730,7.68,12.8,0.76,1260,228,38.8,10.4,100.3
42,1007231,1,5/5/20,DTU_2020_1007231_1_MG_RA_CPH_Sewage_663,Denmark,Copenhagen,Rensningsanlaeg Avedoere,PRJEB68319,SAMEA115117969,ERX11886776,11909078,wastewater metagenome,ERR12510735,7.31,10.8,1,1418,238,59.2,8.5,117.4
43,1007221,2,3/20/20,DTU_2020_1007221_2_MG_RA_CPH_Sewage_648,Denmark,Copenhagen,Rensningsanlaeg Avedoere,PRJEB68319,SAMEA115117991,ERX11886763,20740057,wastewater metagenome,ERR12510722,7.1,15.3,0.46,1110,115,37.8,8.5,103
44,1007213,1,4/2/20,DTU_2020_1007213_1_MG_RA_CPH_Sewage_638,Denmark,Copenhagen,Rensningsanlaeg Avedoere,PRJEB68319,SAMEA115117970,ERX11886749,11201530,wastewater metagenome,ERR12510708,7.54,14.8,0.57,1065,220,31.4,13.7,123.6
45,1007181,1,11/17/19,DTU_2020_1007181_1_MG_RA_CPH_Sewage_603,Denmark,Copenhagen,Rensningsanlaeg Avedoere,PRJEB68319,SAMEA115117971,ERX11886707,14099476,wastewater metagenome,ERR12510666,7.64,7.4,1.45,1386,136,50.2,10,100.9
46,1007265,1,8/4/20,DTU_2020_1007265_1_MG_RA_CPH_Sewage_726,Denmark,Copenhagen,Rensningsanlaeg Avedoere,PRJEB68319,SAMEA115117972,ERX11886816,15293053,wastewater metagenome,ERR12510775,7.03,18.9,0.74,1218,221,47.7,7.8,69.3
47,1007184,2,11/24/19,DTU_2020_1007184_2_MG_RA_CPH_Sewage_606,Denmark,Copenhagen,Rensningsanlaeg Avedoere,PRJEB68319,SAMEA115118001,ERX11886714,11618685,wastewater metagenome,ERR12510673,7.11,10.5,2.12,1217,247,55.5,14.1,135.1
48,1007218,1,3/12/20,DTU_2020_1007218_1_MG_RA_CPH_Sewage_645,Denmark,Copenhagen,Rensningsanlaeg Avedoere,PRJEB68319,SAMEA115117973,ERX11886757,11079123,wastewater metagenome,ERR12510716,7.46,13.5,1.35,1055,227,50.5,6.5,76.3
49,1007187,2,12/2/19,DTU_2020_1007187_2_MG_RA_CPH_Sewage_609,Denmark,Copenhagen,Rensningsanlaeg Avedoere,PRJEB68319,SAMEA115117990,ERX11886720,12643658,wastewater metagenome,ERR12510679,7.48,5.6,2.1,1211,315,44,6.6,128.9
50,1007278,1,9/28/20,DTU_2020_1007278_1_MG_RA_CPH_Sewage_2_587,Denmark,Copenhagen,Rensningsanlaeg Avedoere,PRJEB68319,SAMEA115117974,ERX11886835,22479595,wastewater metagenome,ERR12510794,6.78,10,1.46,1004,227,57.9,8.1,89.7
51,1007201,1,2/29/20,DTU_2020_1007201_1_MG_RA_CPH_Sewage_626,Denmark,Copenhagen,Rensningsanlaeg Avedoere,PRJEB68319,SAMEA115117975,ERX11886737,14860781,wastewater metagenome,ERR12510696,7.54,5.9,1.11,1276,229,48.7,9.8,109.3
52,1007199,1,1/22/20,DTU_2020_1007199_1_MG_RA_CPH_Sewage_624,Denmark,Copenhagen,Rensningsanlaeg Avedoere,PRJEB68319,SAMEA115117976,ERX11886735,16082536,wastewater metagenome,ERR12510694,7.79,4.2,1.51,1095,259,54.1,9.6,142.3
53,1007162,1,5/27/19,DTU_2020_1007162_1_MG_RA_CPH_Sewage_536,Denmark,Copenhagen,Rensningsanlaeg Avedoere,PRJEB68319,SAMEA115117977,ERX11886688,14584632,wastewater metagenome,ERR12510647,7.16,11.2,0.69,855,139,52.9,13.3,95
54,1007253,1,7/7/20,DTU_2020_1007253_1_MG_RA_CPH_Sewage_714,Denmark,Copenhagen,Rensningsanlaeg Avedoere,PRJEB68319,SAMEA115117978,ERX11886804,12226933,wastewater metagenome,ERR12510763,8.07,18.5,1.25,1181,162,29.1,10.4,84.9
55,1007271,1,8/19/20,DTU_2020_1007271_1_MG_RA_CPH_Sewage_735,Denmark,Copenhagen,Rensningsanlaeg Avedoere,PRJEB68319,SAMEA115117979,ERX11886824,13784446,wastewater metagenome,ERR12510783,7.03,17,1.47,1332,200,53.8,10.2,82.8
56,1007271,2,8/19/20,DTU_2020_1007271_2_MG_RA_CPH_Sewage_735,Denmark,Copenhagen,Rensningsanlaeg Avedoere,PRJEB68319,SAMEA115117979,ERX11886825,32571442,wastewater metagenome,ERR12510784,7.04,18.8,0.72,1069,145,49.4,13.8,72
57,1007167,1,7/27/19,DTU_2020_1007167_1_MG_RA_CPH_Sewage_560,Denmark,Copenhagen,Rensningsanlaeg Avedoere,PRJEB68319,SAMEA115117980,ERX11886691,14818220,wastewater metagenome,ERR12510650,7.18,17,0.56,1070,202,35.4,10.5,99
58,1007250,1,6/29/20,DTU_2020_1007250_1_MG_RA_CPH_Sewage_711,Denmark,Copenhagen,Rensningsanlaeg Avedoere,PRJEB68319,SAMEA115117981,ERX11886801,14623110,wastewater metagenome,ERR12510760,7.16,16.6,1.1,1275,161,42.8,11.5,66.6
59,1007181,2,11/17/19,DTU_2020_1007181_2_MG_RA_CPH_Sewage_603,Denmark,Copenhagen,Rensningsanlaeg Avedoere,PRJEB68319,SAMEA115117971,ERX11886708,13037935,wastewater metagenome,ERR12510667,7.44,9,1.19,929,135,55.4,10.5,81.9
60,1007165,1,6/28/19,DTU_2020_1007165_1_MG_RA_CPH_Sewage_547,Denmark,Copenhagen,Rensningsanlaeg Avedoere,PRJEB68319,SAMEA115117982,ERX11886689,15203112,wastewater metagenome,ERR12510648,7.28,15.5,0.32,1102,202,35.1,9.2,120.1
61,1007273,2,8/27/20,DTU_2020_1007273_2_MG_RA_CPH_Sewage_741,Denmark,Copenhagen,Rensningsanlaeg Avedoere,PRJEB68319,SAMEA115118003,ERX11886829,18523901,wastewater metagenome,ERR12510788,7.02,19.3,1.01,1416,101,35.6,11.2,95.9
62,1007234,1,5/14/20,DTU_2020_1007234_1_MG_RA_CPH_Sewage_672,Denmark,Copenhagen,Rensningsanlaeg Avedoere,PRJEB68319,SAMEA115117983,ERX11886780,18902269,wastewater metagenome,ERR12510739,7.32,11.1,0.74,1375,210,44.7,9.2,90.2
63,1007190,1,12/20/19,DTU_2020_1007190_1_MG_RA_CPH_Sewage_615,Denmark,Copenhagen,Rensningsanlaeg Avedoere,PRJEB68319,SAMEA115117984,ERX11886724,14975542,wastewater metagenome,ERR12510683,7.19,6.6,1.62,1511,285,52.4,12.4,121.8
64,1007240,1,6/4/20,DTU_2020_1007240_1_MG_RA_CPH_Sewage_690,Denmark,Copenhagen,Rensningsanlaeg Avedoere,PRJEB68319,SAMEA115117985,ERX11886789,13864780,wastewater metagenome,ERR12510748,6.83,16.5,0.66,1203,267,44.6,9.6,116.6
65,1007237,2,5/28/20,DTU_2020_1007237_2_MG_RA_CPH_Sewage_684,Denmark,Copenhagen,Rensningsanlaeg Avedoere,PRJEB68319,SAMEA115117993,ERX11886785,15646783,wastewater metagenome,ERR12510744,7.49,12.4,0.21,1372,214,38.7,11.3,145.4
66,1007150,1,1/30/19,DTU_2020_1007150_1_MG_RA_CPH_Sewage_494,Denmark,Copenhagen,Rensningsanlaeg Avedoere,PRJEB68319,SAMEA115117986,ERX11886681,18794132,wastewater metagenome,ERR12510640,7.19,6.4,1.16,1325,216,55.6,9,139.6
67,1007204,1,2/4/20,DTU_2020_1007204_1_MG_RA_CPH_Sewage_629,Denmark,Copenhagen,Rensningsanlaeg Avedoere,PRJEB68319,SAMEA115117987,ERX11886740,11977874,wastewater metagenome,ERR12510699,7.17,7.6,1.39,1053,232,58,11.5,111.6
68,1007218,2,3/12/20,DTU_2020_1007218_2_MG_RA_CPH_Sewage_645,Denmark,Copenhagen,Rensningsanlaeg Avedoere,PRJEB68319,SAMEA115117973,ERX11886758,14209665,wastewater metagenome,ERR12510717,7.4,14,1.55,1084,150,27.8,13,113.1
69,1007259,1,7/23/20,DTU_2020_1007259_1_MG_RA_CPH_Sewage_720,Denmark,Copenhagen,Rensningsanlaeg Avedoere,PRJEB68319,SAMEA115117988,ERX11886810,13201952,wastewater metagenome,ERR12510769,7.02,18.4,1.78,1219,204,47.8,11,104.5
70,1007153,1,2/18/19,DTU_2020_1007153_1_MG_RA_CPH_Sewage_504,Denmark,Copenhagen,Rensningsanlaeg Avedoere,PRJEB68319,SAMEA115117989,ERX11886682,16395523,wastewater metagenome,ERR12510641,7.77,6.7,2.04,1439,230,47.1,9.7,131.1
71,1007187,1,12/2/19,DTU_2020_1007187_1_MG_RA_CPH_Sewage_609,Denmark,Copenhagen,Rensningsanlaeg Avedoere,PRJEB68319,SAMEA115117990,ERX11886719,13123247,wastewater metagenome,ERR12510678,7.68,3.5,1.44,1136,210,41.8,11.6,131.5
72,1007221,1,3/20/20,DTU_2020_1007221_1_MG_RA_CPH_Sewage_648,Denmark,Copenhagen,Rensningsanlaeg Avedoere,PRJEB68319,SAMEA115117991,ERX11886762,20782184,wastewater metagenome,ERR12510721,7.22,10.1,1.47,1161,140,40,9.5,46.1
73,1007243,1,6/10/20,DTU_2020_1007243_1_MG_RA_CPH_Sewage_696,Denmark,Copenhagen,Rensningsanlaeg Avedoere,PRJEB68319,SAMEA115117992,ERX11886794,13117065,wastewater metagenome,ERR12510753,7.47,17.7,1.54,1369,189,33.1,15.1,101.2
74,1007237,1,5/28/20,DTU_2020_1007237_1_MG_RA_CPH_Sewage_684,Denmark,Copenhagen,Rensningsanlaeg Avedoere,PRJEB68319,SAMEA115117993,ERX11886784,14535038,wastewater metagenome,ERR12510743,7.35,12,0.74,1114,178,41.7,8.9,85.7
75,1007174,2,10/13/19,DTU_2020_1007174_2_MG_RA_CPH_Sewage_593,Denmark,Copenhagen,Rensningsanlaeg Avedoere,PRJEB68319,SAMEA115118007,ERX11886695,11235804,wastewater metagenome,ERR12510654,7.68,9.6,0.44,1364,250,38.4,9.3,92.6
76,1007193,2,1/7/20,DTU_2020_1007193_2_MG_RA_CPH_Sewage_618,Denmark,Copenhagen,Rensningsanlaeg Avedoere,PRJEB68319,SAMEA115118000,ERX11886729,12267935,wastewater metagenome,ERR12510688,7.02,4.8,2.2,1340,301,60.8,7.7,119.5
77,1007262,1,7/29/20,DTU_2020_1007262_1_MG_RA_CPH_Sewage_723,Denmark,Copenhagen,Rensningsanlaeg Avedoere,PRJEB68319,SAMEA115117994,ERX11886813,21161776,wastewater metagenome,ERR12510772,7.48,16.2,0.7,1144,228,45.6,9.3,123.2
78,1007277,1,9/28/19,DTU_2020_1007277_1_MG_RA_CPH_Sewage_1_587,Denmark,Copenhagen,Rensningsanlaeg Avedoere,PRJEB68319,SAMEA115117995,ERX11886834,16851954,wastewater metagenome,ERR12510793,7.45,10.9,1.38,1249,150,62.4,9.6,89.5
79,1007207,1,2/11/20,DTU_2020_1007207_1_MG_RA_CPH_Sewage_632,Denmark,Copenhagen,Rensningsanlaeg Avedoere,PRJEB68319,SAMEA115117996,ERX11886743,12039078,wastewater metagenome,ERR12510702,6.95,4.9,0.88,1291,199,69,5.8,163.9
80,1007283,1,5/20/20,DTU_2020_1007283_1_MG_RA_CPH_Sewage_1_678,Denmark,Copenhagen,Rensningsanlaeg Avedoere,PRJEB68319,SAMEA115117997,ERX11886842,17675963,wastewater metagenome,ERR12510801,7.16,11.9,0.96,1194,244,42.9,10.3,92.7
81,1007268,1,8/12/20,DTU_2020_1007268_1_MG_RA_CPH_Sewage_732,Denmark,Copenhagen,Rensningsanlaeg Avedoere,PRJEB68319,SAMEA115117998,ERX11886820,15399956,wastewater metagenome,ERR12510779,6.87,18.5,0.26,1311,207,40.5,10,107
82,1007190,2,12/20/19,DTU_2020_1007190_2_MG_RA_CPH_Sewage_615,Denmark,Copenhagen,Rensningsanlaeg Avedoere,PRJEB68319,SAMEA115117984,ERX11886725,16422090,wastewater metagenome,ERR12510684,7.35,4.8,1.11,1261,182,63.2,10.9,135.1
83,1007178,1,11/11/19,DTU_2020_1007178_1_MG_RA_CPH_Sewage_600,Denmark,Copenhagen,Rensningsanlaeg Avedoere,PRJEB68319,SAMEA115117999,ERX11886702,17442699,wastewater metagenome,ERR12510661,7.55,12.5,0.76,1008,175,55.2,11,85.5
84,1007193,1,1/7/20,DTU_2020_1007193_1_MG_RA_CPH_Sewage_618,Denmark,Copenhagen,Rensningsanlaeg Avedoere,PRJEB68319,SAMEA115118000,ERX11886728,17390652,wastewater metagenome,ERR12510687,7.15,4.9,0.94,1062,196,47.2,12.1,111
85,1007184,1,11/24/19,DTU_2020_1007184_1_MG_RA_CPH_Sewage_606,Denmark,Copenhagen,Rensningsanlaeg Avedoere,PRJEB68319,SAMEA115118001,ERX11886713,13169975,wastewater metagenome,ERR12510672,7.35,10.7,1.16,1305,177,56,15.1,98.1
86,1007256,1,7/14/20,DTU_2020_1007256_1_MG_RA_CPH_Sewage_717,Denmark,Copenhagen,Rensningsanlaeg Avedoere,PRJEB68319,SAMEA115118002,ERX11886807,18633384,wastewater metagenome,ERR12510766,7.29,16.9,1.51,1106,272,47.7,8.9,112.6
87,1007273,1,8/27/20,DTU_2020_1007273_1_MG_RA_CPH_Sewage_741,Denmark,Copenhagen,Rensningsanlaeg Avedoere,PRJEB68319,SAMEA115118003,ERX11886828,17789002,wastewater metagenome,ERR12510787,6.91,18.9,0.51,1163,197,47,10.4,73.3
88,1007210,1,2/19/20,DTU_2020_1007210_1_MG_RA_CPH_Sewage_635,Denmark,Copenhagen,Rensningsanlaeg Avedoere,PRJEB68319,SAMEA115118004,ERX11886746,13548078,wastewater metagenome,ERR12510705,7.44,6.9,1.93,1325,268,54.4,6.7,138.6
89,1007196,1,1/14/20,DTU_2020_1007196_1_MG_RA_CPH_Sewage_621,Denmark,Copenhagen,Rensningsanlaeg Avedoere,PRJEB68319,SAMEA115118005,ERX11886732,13952053,wastewater metagenome,ERR12510691,6.98,6.4,1.07,1358,248,60.5,10.1,130.6
90,1007284,1,5/20/20,DTU_2020_1007284_1_MG_RA_CPH_Sewage_2_678,Denmark,Copenhagen,Rensningsanlaeg Avedoere,PRJEB68319,SAMEA115118006,ERX11886843,15877704,wastewater metagenome,ERR12510802,7.32,11.2,0.62,1135,188,43.8,9,125.1
91,1007174,1,10/13/19,DTU_2020_1007174_1_MG_RA_CPH_Sewage_593,Denmark,Copenhagen,Rensningsanlaeg Avedoere,PRJEB68319,SAMEA115118007,ERX11886694,11439644,wastewater metagenome,ERR12510653,7.19,9.7,2.08,1229,241,43.1,10.5,117.8
92,1007154,1,2/18/19,DTU_2020_1007154_1_MG_RD_CPH_Sewage_505,Denmark,Copenhagen,Rensningsanlaeg Damhusaaen,PRJEB68319,SAMEA115118008,ERX11886683,13009585,wastewater metagenome,ERR12510642,7.17,7.6,2.06,1545,235,51.4,12.9,161.6
93,1007175,2,10/13/19,DTU_2020_1007175_2_MG_RD_CPH_Sewage_594,Denmark,Copenhagen,Rensningsanlaeg Damhusaaen,PRJEB68319,SAMEA115118046,ERX11886697,11642481,wastewater metagenome,ERR12510656,7.23,9.4,0.96,1062,160,48.9,9.9,104.7
94,1007185,1,11/24/19,DTU_2020_1007185_1_MG_RD_CPH_Sewage_607,Denmark,Copenhagen,Rensningsanlaeg Damhusaaen,PRJEB68319,SAMEA115118009,ERX11886715,18062498,wastewater metagenome,ERR12510674,7.55,8.5,1.41,1193,227,46,10.8,103.3
95,1007248,1,6/24/20,DTU_2020_1007248_1_MG_RD_CPH_Sewage_709,Denmark,Copenhagen,Rensningsanlaeg Damhusaaen,PRJEB68319,SAMEA115118010,ERX11886799,16357922,wastewater metagenome,ERR12510758,7.91,18.4,0.54,1120,175,37.6,8.7,123.8
96,1007286,1,5/20/20,DTU_2020_1007286_1_MG_RD_CPH_Sewage_2_679,Denmark,Copenhagen,Rensningsanlaeg Damhusaaen,PRJEB68319,SAMEA115118011,ERX11886845,11557604,wastewater metagenome,ERR12510804,7.09,11.1,0.99,1117,225,43.6,7,131
97,1007266,1,8/4/20,DTU_2020_1007266_1_MG_RD_CPH_Sewage_727,Denmark,Copenhagen,Rensningsanlaeg Damhusaaen,PRJEB68319,SAMEA115118012,ERX11886817,15439763,wastewater metagenome,ERR12510776,7.2,17.1,0.91,1250,226,58.1,9.6,84
98,1007260,1,7/23/20,DTU_2020_1007260_1_MG_RD_CPH_Sewage_721,Denmark,Copenhagen,Rensningsanlaeg Damhusaaen,PRJEB68319,SAMEA115118013,ERX11886811,17598925,wastewater metagenome,ERR12510770,7.29,16.9,1.52,1122,209,41.9,12.4,150.5
99,1007185,2,11/24/19,DTU_2020_1007185_2_MG_RD_CPH_Sewage_607,Denmark,Copenhagen,Rensningsanlaeg Damhusaaen,PRJEB68319,SAMEA115118009,ERX11886716,15810662,wastewater metagenome,ERR12510675,7.56,9.3,1.77,1477,223,52.1,11.2,122.2
100,1007238,2,5/28/20,DTU_2020_1007238_2_MG_RD_CPH_Sewage_685,Denmark,Copenhagen,Rensningsanlaeg Damhusaaen,PRJEB68319,SAMEA115118015,ERX11886787,12839262,wastewater metagenome,ERR12510746,7.57,12.8,1.27,1407,226,40.7,10.3,124.1
101,1007238,1,5/28/20,DTU_2020_1007238_1_MG_RD_CPH_Sewage_685,Denmark,Copenhagen,Rensningsanlaeg Damhusaaen,PRJEB68319,SAMEA115118015,ERX11886786,17995849,wastewater metagenome,ERR12510745,7.2,12.6,0.81,1392,208,42.4,7.3,114.9
102,1007212,1,2/26/20,DTU_2020_1007212_1_MG_RD_CPH_Sewage_637,Denmark,Copenhagen,Rensningsanlaeg Damhusaaen,PRJEB68319,SAMEA115118016,ERX11886748,20931234,wastewater metagenome,ERR12510707,7.22,9.2,1.59,1237,313,54.2,10.6,142.2
103,1007229,1,4/27/20,DTU_2020_1007229_1_MG_RD_CPH_Sewage_656,Denmark,Copenhagen,Rensningsanlaeg Damhusaaen,PRJEB68319,SAMEA115118017,ERX11886772,12376260,wastewater metagenome,ERR12510731,7.35,11.3,1.23,1046,205,36.4,12.4,69.5
104,1007177,2,11/2/19,DTU_2020_1007177_2_MG_RD_CPH_Sewage_598,Denmark,Copenhagen,Rensningsanlaeg Damhusaaen,PRJEB68319,SAMEA115118036,ERX11886701,13093416,wastewater metagenome,ERR12510660,7.69,10.6,1.47,1117,275,43.4,5.6,108.8
105,1007208,1,2/11/20,DTU_2020_1007208_1_MG_RD_CPH_Sewage_633,Denmark,Copenhagen,Rensningsanlaeg Damhusaaen,PRJEB68319,SAMEA115118018,ERX11886744,17206718,wastewater metagenome,ERR12510703,7.48,4.5,1.6,1115,199,62,11.3,128
106,1007285,1,5/20/20,DTU_2020_1007285_1_MG_RD_CPH_Sewage_1_679,Denmark,Copenhagen,Rensningsanlaeg Damhusaaen,PRJEB68319,SAMEA115118019,ERX11886844,22740674,wastewater metagenome,ERR12510803,6.92,10.4,0.52,1193,210,40.1,10.7,75
107,1007263,1,7/29/20,DTU_2020_1007263_1_MG_RD_CPH_Sewage_724,Denmark,Copenhagen,Rensningsanlaeg Damhusaaen,PRJEB68319,SAMEA115118020,ERX11886814,12443031,wastewater metagenome,ERR12510773,7.58,17.9,0.94,1269,223,45.6,11.3,126.6
108,1007182,1,11/17/19,DTU_2020_1007182_1_MG_RD_CPH_Sewage_604,Denmark,Copenhagen,Rensningsanlaeg Damhusaaen,PRJEB68319,SAMEA115118021,ERX11886709,24136722,wastewater metagenome,ERR12510668,7.28,11.1,2.08,1099,272,54.7,7.1,102.6
109,1007182,2,11/17/19,DTU_2020_1007182_2_MG_RD_CPH_Sewage_604,Denmark,Copenhagen,Rensningsanlaeg Damhusaaen,PRJEB68319,SAMEA115118021,ERX11886710,12848582,wastewater metagenome,ERR12510669,7.14,11.3,1.32,917,182,35.6,6.8,115.2
110,1007217,1,3/5/20,DTU_2020_1007217_1_MG_RD_CPH_Sewage_643,Denmark,Copenhagen,Rensningsanlaeg Damhusaaen,PRJEB68319,SAMEA115118022,ERX11886756,18545901,wastewater metagenome,ERR12510715,7.06,12.6,0.78,1199,154,54,11.8,95.6
111,1007225,1,3/26/20,DTU_2020_1007225_1_MG_RD_CPH_Sewage_652,Denmark,Copenhagen,Rensningsanlaeg Damhusaaen,PRJEB68319,SAMEA115118023,ERX11886768,25180219,wastewater metagenome,ERR12510727,6.79,12.3,0.7,1098,160,39.8,13.6,112.8
112,1007220,1,3/12/20,DTU_2020_1007220_1_MG_RD_CPH_Sewage_647,Denmark,Copenhagen,Rensningsanlaeg Damhusaaen,PRJEB68319,SAMEA115118024,ERX11886761,17239772,wastewater metagenome,ERR12510720,7.65,12.9,1.17,1209,174,47.6,10.8,117.9
113,1007274,1,8/27/20,DTU_2020_1007274_1_MG_RD_CPH_Sewage_742,Denmark,Copenhagen,Rensningsanlaeg Damhusaaen,PRJEB68319,SAMEA115118025,ERX11886830,23550279,wastewater metagenome,ERR12510789,7.17,19.6,1.33,1230,283,36.5,13.5,104
114,1007188,1,12/2/19,DTU_2020_1007188_1_MG_RD_CPH_Sewage_610,Denmark,Copenhagen,Rensningsanlaeg Damhusaaen,PRJEB68319,SAMEA115118026,ERX11886721,13492901,wastewater metagenome,ERR12510680,7.22,5.3,1.67,1278,227,54.8,14.3,164.6
115,1007188,2,12/2/19,DTU_2020_1007188_2_MG_RD_CPH_Sewage_610,Denmark,Copenhagen,Rensningsanlaeg Damhusaaen,PRJEB68319,SAMEA115118026,ERX11886722,11595310,wastewater metagenome,ERR12510681,7.33,6.1,1.75,1047,240,41.7,10.8,142.9
116,1007157,1,3/27/19,DTU_2020_1007157_1_MG_RD_CPH_Sewage_517,Denmark,Copenhagen,Rensningsanlaeg Damhusaaen,PRJEB68319,SAMEA115118027,ERX11886685,11683440,wastewater metagenome,ERR12510644,6.99,14.4,0.21,1234,242,55.5,9.1,121.6
117,1007254,1,7/7/20,DTU_2020_1007254_1_MG_RD_CPH_Sewage_715,Denmark,Copenhagen,Rensningsanlaeg Damhusaaen,PRJEB68319,SAMEA115118028,ERX11886805,11522675,wastewater metagenome,ERR12510764,7.52,17.7,1.06,964,259,53,8.7,107.9
118,1007232,2,5/5/20,DTU_2020_1007232_2_MG_RD_CPH_Sewage_664,Denmark,Copenhagen,Rensningsanlaeg Damhusaaen,PRJEB68319,SAMEA115118014,ERX11886778,11977756,wastewater metagenome,ERR12510737,7.16,12.4,0.53,1196,247,46.3,9.3,115.4
119,1007223,1,3/20/20,DTU_2020_1007223_1_MG_RD_CPH_Sewage_650,Denmark,Copenhagen,Rensningsanlaeg Damhusaaen,PRJEB68319,SAMEA115118029,ERX11886765,1033213,wastewater metagenome,ERR12510724,6.87,13.7,0.66,1032,148,51.3,9.1,106.9
120,1007257,1,7/14/20,DTU_2020_1007257_1_MG_RD_CPH_Sewage_718,Denmark,Copenhagen,Rensningsanlaeg Damhusaaen,PRJEB68319,SAMEA115118030,ERX11886808,11023999,wastewater metagenome,ERR12510767,7.32,18.7,0.29,1349,180,29.5,9.1,130
121,1007241,1,6/4/20,DTU_2020_1007241_1_MG_RD_CPH_Sewage_691,Denmark,Copenhagen,Rensningsanlaeg Damhusaaen,PRJEB68319,SAMEA115118031,ERX11886790,1369368,wastewater metagenome,ERR12510749,7.21,17.5,0.67,1512,215,45.4,12.1,104.8
122,1007160,1,4/26/19,DTU_2020_1007160_1_MG_RD_CPH_Sewage_529,Denmark,Copenhagen,Rensningsanlaeg Damhusaaen,PRJEB68319,SAMEA115118032,ERX11886687,10529797,wastewater metagenome,ERR12510646,7.28,11.7,0.79,1309,202,47.9,9.8,101.6
123,1007223,2,3/20/20,DTU_2020_1007223_2_MG_RD_CPH_Sewage_650,Denmark,Copenhagen,Rensningsanlaeg Damhusaaen,PRJEB68319,SAMEA115118029,ERX11886766,12596888,wastewater metagenome,ERR12510725,7.39,13.4,1.2,766,284,40.9,12.2,79.2
124,1007154,2,2/18/19,DTU_2020_1007154_2_MG_RD_CPH_Sewage_505,Denmark,Copenhagen,Rensningsanlaeg Damhusaaen,PRJEB68319,SAMEA115118008,ERX11886684,12677713,wastewater metagenome,ERR12510643,7.14,4.4,2.27,1171,259,62,11,133
125,1007214,2,4/2/20,DTU_2020_1007214_2_MG_RD_CPH_Sewage_639,Denmark,Copenhagen,Rensningsanlaeg Damhusaaen,PRJEB68319,SAMEA115118049,ERX11886751,11566991,wastewater metagenome,ERR12510710,7.29,15.6,0.88,1358,244,51.5,11.3,77.1
126,1007179,1,11/11/19,DTU_2020_1007179_1_MG_RD_CPH_Sewage_601,Denmark,Copenhagen,Rensningsanlaeg Damhusaaen,PRJEB68319,SAMEA115118033,ERX11886703,11958342,wastewater metagenome,ERR12510662,7.38,8.3,1.2,1190,213,57.6,10.8,132.3
127,1007269,1,8/12/20,DTU_2020_1007269_1_MG_RD_CPH_Sewage_733,Denmark,Copenhagen,Rensningsanlaeg Damhusaaen,PRJEB68319,SAMEA115118034,ERX11886821,2667073,wastewater metagenome,ERR12510780,7.54,17.6,1.28,1016,224,47.6,9.4,127.5
128,1007235,1,5/14/20,DTU_2020_1007235_1_MG_RD_CPH_Sewage_673,Denmark,Copenhagen,Rensningsanlaeg Damhusaaen,PRJEB68319,SAMEA115118035,ERX11886781,10257276,wastewater metagenome,ERR12510740,7.26,12.2,0.81,1036,142,54.8,8.3,80.2
129,1007177,1,11/2/19,DTU_2020_1007177_1_MG_RD_CPH_Sewage_598,Denmark,Copenhagen,Rensningsanlaeg Damhusaaen,PRJEB68319,SAMEA115118036,ERX11886700,16346262,wastewater metagenome,ERR12510659,6.97,9,2.16,1351,172,73,12,93.5
130,1007202,1,2/29/20,DTU_2020_1007202_1_MG_RD_CPH_Sewage_627,Denmark,Copenhagen,Rensningsanlaeg Damhusaaen,PRJEB68319,SAMEA115118037,ERX11886738,10688941,wastewater metagenome,ERR12510697,6.95,9.4,0.84,1353,348,66.1,11.1,141.9
131,1007194,1,1/7/20,DTU_2020_1007194_1_MG_RD_CPH_Sewage_619,Denmark,Copenhagen,Rensningsanlaeg Damhusaaen,PRJEB68319,SAMEA115118038,ERX11886730,2104791,wastewater metagenome,ERR12510689,7.37,7.1,1.54,1191,220,52.8,6.6,128
132,1007211,1,2/19/20,DTU_2020_1007211_1_MG_RD_CPH_Sewage_636,Denmark,Copenhagen,Rensningsanlaeg Damhusaaen,PRJEB68319,SAMEA115118039,ERX11886747,1345517,wastewater metagenome,ERR12510706,7.34,4.3,2.06,1338,187,47.1,11.9,110.4
133,1007179,2,11/11/19,DTU_2020_1007179_2_MG_RD_CPH_Sewage_601,Denmark,Copenhagen,Rensningsanlaeg Damhusaaen,PRJEB68319,SAMEA115118033,ERX11886704,10950731,wastewater metagenome,ERR12510663,7.06,10.8,1.54,1000,176,57.6,6.8,108.8
134,1007279,1,9/28/19,DTU_2020_1007279_1_MG_RD_CPH_Sewage_1_588,Denmark,Copenhagen,Rensningsanlaeg Damhusaaen,PRJEB68319,SAMEA115118040,ERX11886836,3102774,wastewater metagenome,ERR12510795,7.36,10.8,2.05,1219,183,56,11.1,101
135,1007241,2,6/4/20,DTU_2020_1007241_2_MG_RD_CPH_Sewage_691,Denmark,Copenhagen,Rensningsanlaeg Damhusaaen,PRJEB68319,SAMEA115118031,ERX11886791,10292126,wastewater metagenome,ERR12510750,7.13,16.9,0.24,1462,150,36.5,8.6,117.9
136,1007280,2,9/28/20,DTU_2020_1007280_2_MG_RD_CPH_Sewage_2_588,Denmark,Copenhagen,Rensningsanlaeg Damhusaaen,PRJEB68319,SAMEA115118042,ERX11886838,4327487,wastewater metagenome,ERR12510797,7.13,11.9,1.61,1075,286,45.5,10.6,112.7
137,1007246,1,6/17/20,DTU_2020_1007246_1_MG_RD_CPH_Sewage_703,Denmark,Copenhagen,Rensningsanlaeg Damhusaaen,PRJEB68319,SAMEA115118041,ERX11886797,9261295,wastewater metagenome,ERR12510756,7.27,17.7,0.82,1178,239,59.7,8.9,72.6
138,1007280,1,9/28/20,DTU_2020_1007280_1_MG_RD_CPH_Sewage_2_588,Denmark,Copenhagen,Rensningsanlaeg Damhusaaen,PRJEB68319,SAMEA115118042,ERX11886837,14370163,wastewater metagenome,ERR12510796,7.1,13.9,2.16,1452,178,59.6,13.3,92.4
139,1007244,1,6/10/20,DTU_2020_1007244_1_MG_RD_CPH_Sewage_697,Denmark,Copenhagen,Rensningsanlaeg Damhusaaen,PRJEB68319,SAMEA115118043,ERX11886795,16519693,wastewater metagenome,ERR12510754,7.05,17.1,0.54,1016,201,35.8,10.5,68.9
140,1007251,1,6/29/20,DTU_2020_1007251_1_MG_RD_CPH_Sewage_712,Denmark,Copenhagen,Rensningsanlaeg Damhusaaen,PRJEB68319,SAMEA115118044,ERX11886802,2407549,wastewater metagenome,ERR12510761,6.8,19.3,0.95,1384,152,55.4,10.8,85.9
141,1007191,1,12/20/19,DTU_2020_1007191_1_MG_RD_CPH_Sewage_616,Denmark,Copenhagen,Rensningsanlaeg Damhusaaen,PRJEB68319,SAMEA115118045,ERX11886726,10046381,wastewater metagenome,ERR12510685,7.32,6.8,1.72,1062,257,43.7,9.8,111.9
142,1007175,1,10/13/19,DTU_2020_1007175_1_MG_RD_CPH_Sewage_594,Denmark,Copenhagen,Rensningsanlaeg Damhusaaen,PRJEB68319,SAMEA115118046,ERX11886696,13696180,wastewater metagenome,ERR12510655,7.57,11.9,1.74,1036,187,64.7,10.3,146.4
143,1007197,1,1/14/20,DTU_2020_1007197_1_MG_RD_CPH_Sewage_622,Denmark,Copenhagen,Rensningsanlaeg Damhusaaen,PRJEB68319,SAMEA115118047,ERX11886733,12802017,wastewater metagenome,ERR12510692,7.22,6.3,1.55,1177,278,62.7,8.4,103.4
144,1007205,1,2/4/20,DTU_2020_1007205_1_MG_RD_CPH_Sewage_630,Denmark,Copenhagen,Rensningsanlaeg Damhusaaen,PRJEB68319,SAMEA115118048,ERX11886741,15012420,wastewater metagenome,ERR12510700,7.02,6.8,0.64,1258,350,55,11.7,131.6
145,1007214,1,4/2/20,DTU_2020_1007214_1_MG_RD_CPH_Sewage_639,Denmark,Copenhagen,Rensningsanlaeg Damhusaaen,PRJEB68319,SAMEA115118049,ERX11886750,13150689,wastewater metagenome,ERR12510709,7.23,13.4,0.91,1248,173,49.9,9.7,84.9
146,1007166,1,6/28/19,DTU_2020_1007166_1_MG_RD_CPH_Sewage_548,Denmark,Copenhagen,Rensningsanlaeg Damhusaaen,PRJEB68319,SAMEA115118050,ERX11886690,16969016,wastewater metagenome,ERR12510649,7.31,16.7,0.8,1363,219,41.8,11.6,127.8
147,1007267,2,8/12/20,DTU_2020_1007267_2_MG_RL_CPH_Sewage_731,Denmark,Copenhagen,Rensningsanlaeg Lynetten,PRJEB68319,SAMEA115118079,ERX11886819,14888297,wastewater metagenome,ERR12510778,6.97,18,0.37,1154,176,40.5,10.1,110.6
148,1007224,1,3/26/20,DTU_2020_1007224_1_MG_RL_CPH_Sewage_651,Denmark,Copenhagen,Rensningsanlaeg Lynetten,PRJEB68319,SAMEA115118051,ERX11886767,12436833,wastewater metagenome,ERR12510726,7.32,12.7,0.2,1059,194,32.3,11.2,130.6
149,1007176,1,11/2/19,DTU_2020_1007176_1_MG_RL_CPH_Sewage_597,Denmark,Copenhagen,Rensningsanlaeg Lynetten,PRJEB68319,SAMEA115118052,ERX11886698,11678627,wastewater metagenome,ERR12510657,7.67,9.7,1.56,1149,175,52.6,9.2,103.4
150,1007158,1,3/27/19,DTU_2020_1007158_1_MG_RL_CPH_Sewage_518,Denmark,Copenhagen,Rensningsanlaeg Lynetten,PRJEB68319,SAMEA115118053,ERX11886686,13883716,wastewater metagenome,ERR12510645,7.41,12,1.28,1342,141,21.6,11.9,72.7
151,1007236,2,5/28/20,DTU_2020_1007236_2_MG_RL_CPH_Sewage_683,Denmark,Copenhagen,Rensningsanlaeg Lynetten,PRJEB68319,SAMEA115118090,ERX11886783,13257983,wastewater metagenome,ERR12510742,6.85,10.2,1.02,1314,177,21.3,8.9,107.8
152,1007264,1,8/4/20,DTU_2020_1007264_1_MG_RL_CPH_Sewage_725,Denmark,Copenhagen,Rensningsanlaeg Lynetten,PRJEB68319,SAMEA115118054,ERX11886815,12119039,wastewater metagenome,ERR12510774,7.3,18.3,1.03,1218,161,51.6,9.7,99.5
153,1007261,1,7/29/20,DTU_2020_1007261_1_MG_RL_CPH_Sewage_722,Denmark,Copenhagen,Rensningsanlaeg Lynetten,PRJEB68319,SAMEA115118055,ERX11886812,13607057,wastewater metagenome,ERR12510771,7.08,17.3,0.73,1457,145,29.1,12.9,95.8
154,1007189,1,12/20/19,DTU_2020_1007189_1_MG_RL_CPH_Sewage_614,Denmark,Copenhagen,Rensningsanlaeg Lynetten,PRJEB68319,SAMEA115118056,ERX11886723,13609221,wastewater metagenome,ERR12510682,7.15,7.6,2.23,1302,230,72.3,8.8,144.8
155,1007176,2,11/2/19,DTU_2020_1007176_2_MG_RL_CPH_Sewage_597,Denmark,Copenhagen,Rensningsanlaeg Lynetten,PRJEB68319,SAMEA115118052,ERX11886699,11492605,wastewater metagenome,ERR12510658,7.69,12,1.51,1087,218,49.6,14,102.7
156,1007198,1,1/22/20,DTU_2020_1007198_1_MG_RL_CPH_Sewage_623,Denmark,Copenhagen,Rensningsanlaeg Lynetten,PRJEB68319,SAMEA115118057,ERX11886734,11770452,wastewater metagenome,ERR12510693,6.96,6.3,1.11,1380,224,46.6,11.1,153.7
157,1007255,1,7/14/20,DTU_2020_1007255_1_MG_RL_CPH_Sewage_716,Denmark,Copenhagen,Rensningsanlaeg Lynetten,PRJEB68319,SAMEA115118058,ERX11886806,16497453,wastewater metagenome,ERR12510765,7.11,19.5,0.23,1425,187,40,12.7,111.1
158,1007216,1,3/5/20,DTU_2020_1007216_1_MG_RL_CPH_Sewage_642,Denmark,Copenhagen,Rensningsanlaeg Lynetten,PRJEB68319,SAMEA115118059,ERX11886754,12994543,wastewater metagenome,ERR12510713,7.14,15.2,1.17,1209,211,54.2,11,110.8
159,1007270,2,8/19/20,DTU_2020_1007270_2_MG_RL_CPH_Sewage_734,Denmark,Copenhagen,Rensningsanlaeg Lynetten,PRJEB68319,SAMEA115118083,ERX11886823,15303288,wastewater metagenome,ERR12510782,7.09,17.5,0.38,905,282,33.2,9.6,94.5
160,1007247,1,6/24/20,DTU_2020_1007247_1_MG_RL_CPH_Sewage_707,Denmark,Copenhagen,Rensningsanlaeg Lynetten,PRJEB68319,SAMEA115118060,ERX11886798,13881194,wastewater metagenome,ERR12510757,7.52,19.2,0.57,1175,211,40,13.2,109.8
161,1007186,1,12/2/19,DTU_2020_1007186_1_MG_RL_CPH_Sewage_608,Denmark,Copenhagen,Rensningsanlaeg Lynetten,PRJEB68319,SAMEA115118061,ERX11886717,12073442,wastewater metagenome,ERR12510676,7.59,7,1.57,1005,266,49.8,8.9,141.7
162,1007239,1,6/4/20,DTU_2020_1007239_1_MG_RL_CPH_Sewage_689,Denmark,Copenhagen,Rensningsanlaeg Lynetten,PRJEB68319,SAMEA115118062,ERX11886788,16822621,wastewater metagenome,ERR12510747,7.38,18,1.48,1236,304,46.5,6.5,115.1
163,1007281,2,5/20/20,DTU_2020_1007281_2_MG_RL_CPH_Sewage_1_677,Denmark,Copenhagen,Rensningsanlaeg Lynetten,PRJEB68319,SAMEA115118078,ERX11886840,16114792,wastewater metagenome,ERR12510799,7.47,13.9,0.74,1016,192,35.2,8.8,111.8
164,1007275,2,9/28/19,DTU_2020_1007275_2_MG_RL_CPH_Sewage_1_586,Denmark,Copenhagen,Rensningsanlaeg Lynetten,PRJEB68319,SAMEA115118085,ERX11886832,12256016,wastewater metagenome,ERR12510791,7,10.6,1.68,1379,176,53.9,10,84.3
165,1007170,1,8/29/19,DTU_2020_1007170_1_MG_RL_CPH_Sewage_571,Denmark,Copenhagen,Rensningsanlaeg Lynetten,PRJEB68319,SAMEA115118063,ERX11886692,17128840,wastewater metagenome,ERR12510651,7.4,17.8,0.45,1134,229,39,13.5,92
166,1007230,3,5/5/20,DTU_2020_1007230_3_MG_RL_CPH_Sewage_662,Denmark,Copenhagen,Rensningsanlaeg Lynetten,PRJEB68319,SAMEA115118080,ERX11886775,10810589,wastewater metagenome,ERR12510734,6.95,13.4,0.2,971,251,37.6,15.1,88.7
167,1007180,1,11/17/19,DTU_2020_1007180_1_MG_RL_CPH_Sewage_602,Denmark,Copenhagen,Rensningsanlaeg Lynetten,PRJEB68319,SAMEA115118064,ERX11886705,2279471,wastewater metagenome,ERR12510664,7.8,12.3,2.32,1381,241,59.7,11.6,89
168,1007206,1,2/11/20,DTU_2020_1007206_1_MG_RL_CPH_Sewage_631,Denmark,Copenhagen,Rensningsanlaeg Lynetten,PRJEB68319,SAMEA115118065,ERX11886742,10523437,wastewater metagenome,ERR12510701,7.26,6,1.32,1304,288,55.7,13,107.2
169,1007282,1,5/20/20,DTU_2020_1007282_1_MG_RL_CPH_Sewage_2_677,Denmark,Copenhagen,Rensningsanlaeg Lynetten,PRJEB68319,SAMEA115118066,ERX11886841,3094458,wastewater metagenome,ERR12510800,6.83,10.9,0.77,1182,261,47,8,137.1
170,1007195,1,1/14/20,DTU_2020_1007195_1_MG_RL_CPH_Sewage_620,Denmark,Copenhagen,Rensningsanlaeg Lynetten,PRJEB68319,SAMEA115118067,ERX11886731,16516299,wastewater metagenome,ERR12510690,7.24,6.9,1.12,1144,294,70.1,13.1,120.2
171,1007252,1,7/7/20,DTU_2020_1007252_1_MG_RL_CPH_Sewage_713,Denmark,Copenhagen,Rensningsanlaeg Lynetten,PRJEB68319,SAMEA115118068,ERX11886803,12479110,wastewater metagenome,ERR12510762,6.86,18.2,0.93,1178,181,29.2,11,89.3
172,1007245,1,6/17/20,DTU_2020_1007245_1_MG_RL_CPH_Sewage_701,Denmark,Copenhagen,Rensningsanlaeg Lynetten,PRJEB68319,SAMEA115118069,ERX11886796,11539134,wastewater metagenome,ERR12510755,7.29,13.7,1.51,1449,182,37.2,10.9,80
173,1007226,1,4/16/20,DTU_2020_1007226_1_MG_RL_CPH_Sewage_653,Denmark,Copenhagen,Rensningsanlaeg Lynetten,PRJEB68319,SAMEA115118070,ERX11886769,480765,wastewater metagenome,ERR12510728,7.61,13.1,0.76,1169,165,35.4,9.5,107.3
174,1007183,1,11/24/19,DTU_2020_1007183_1_MG_RL_CPH_Sewage_605,Denmark,Copenhagen,Rensningsanlaeg Lynetten,PRJEB68319,SAMEA115118071,ERX11886711,11235419,wastewater metagenome,ERR12510670,7.67,8.8,1.39,1197,170,35.6,11.8,114.7
175,1007233,1,5/14/20,DTU_2020_1007233_1_MG_RL_CPH_Sewage_671,Denmark,Copenhagen,Rensningsanlaeg Lynetten,PRJEB68319,SAMEA115118072,ERX11886779,1433540,wastewater metagenome,ERR12510738,7.43,12.1,0.2,1121,232,32,10.6,72.9
176,1007242,1,6/10/20,DTU_2020_1007242_1_MG_RL_CPH_Sewage_695,Denmark,Copenhagen,Rensningsanlaeg Lynetten,PRJEB68319,SAMEA115118073,ERX11886792,11422552,wastewater metagenome,ERR12510751,6.9,17.9,1.27,1090,168,43.6,12.3,79.7
177,1007272,1,8/27/20,DTU_2020_1007272_1_MG_RL_CPH_Sewage_740,Denmark,Copenhagen,Rensningsanlaeg Lynetten,PRJEB68319,SAMEA115118074,ERX11886826,736994,wastewater metagenome,ERR12510785,7.47,18.6,0.87,1145,167,42.7,7.9,41.6
178,1007227,1,4/27/20,DTU_2020_1007227_1_MG_RL_CPH_Sewage_654,Denmark,Copenhagen,Rensningsanlaeg Lynetten,PRJEB68319,SAMEA115118075,ERX11886770,15739411,wastewater metagenome,ERR12510729,6.71,13.4,0.4,1293,282,42.2,8.5,96.3
179,1007242,2,6/10/20,DTU_2020_1007242_2_MG_RL_CPH_Sewage_695,Denmark,Copenhagen,Rensningsanlaeg Lynetten,PRJEB68319,SAMEA115118073,ERX11886793,17094008,wastewater metagenome,ERR12510752,7.1,17,0.61,1057,205,55,10.6,95
180,1007215,1,4/2/20,DTU_2020_1007215_1_MG_RL_CPH_Sewage_640,Denmark,Copenhagen,Rensningsanlaeg Lynetten,PRJEB68319,SAMEA115118076,ERX11886752,14270220,wastewater metagenome,ERR12510711,7.52,9.7,0.77,1173,328,44.4,8.5,91.5
181,1007183,2,11/24/19,DTU_2020_1007183_2_MG_RL_CPH_Sewage_605,Denmark,Copenhagen,Rensningsanlaeg Lynetten,PRJEB68319,SAMEA115118071,ERX11886712,11531585,wastewater metagenome,ERR12510671,6.94,10.2,1.87,1100,275,63.6,9.1,125.6
182,1007192,1,1/7/20,DTU_2020_1007192_1_MG_RL_CPH_Sewage_617,Denmark,Copenhagen,Rensningsanlaeg Lynetten,PRJEB68319,SAMEA115118077,ERX11886727,12771416,wastewater metagenome,ERR12510686,7.42,7.3,1.16,1103,291,52.3,9.2,110.9
183,1007219,2,3/12/20,DTU_2020_1007219_2_MG_RL_CPH_Sewage_646,Denmark,Copenhagen,Rensningsanlaeg Lynetten,PRJEB68319,SAMEA115118091,ERX11886760,9909535,wastewater metagenome,ERR12510719,7.03,15.1,0.81,1412,197,45.6,7.9,108.6
184,1007281,1,5/20/20,DTU_2020_1007281_1_MG_RL_CPH_Sewage_1_677,Denmark,Copenhagen,Rensningsanlaeg Lynetten,PRJEB68319,SAMEA115118078,ERX11886839,10862963,wastewater metagenome,ERR12510798,7.6,13.5,1.84,1287,213,43.6,9.3,106.8
185,1007267,1,8/12/20,DTU_2020_1007267_1_MG_RL_CPH_Sewage_731,Denmark,Copenhagen,Rensningsanlaeg Lynetten,PRJEB68319,SAMEA115118079,ERX11886818,12889401,wastewater metagenome,ERR12510777,7.63,18.3,0.4,1371,253,41.1,5.8,87.8
186,1007215,2,4/2/20,DTU_2020_1007215_2_MG_RL_CPH_Sewage_640,Denmark,Copenhagen,Rensningsanlaeg Lynetten,PRJEB68319,SAMEA115118076,ERX11886753,16988894,wastewater metagenome,ERR12510712,7.05,12,0.6,1326,222,40.1,9.3,92.2
187,1007216,2,3/5/20,DTU_2020_1007216_2_MG_RL_CPH_Sewage_642,Denmark,Copenhagen,Rensningsanlaeg Lynetten,PRJEB68319,SAMEA115118059,ERX11886755,13131691,wastewater metagenome,ERR12510714,7.22,14.4,1.29,1428,240,38.5,10.8,99.5
188,1007173,1,10/13/19,DTU_2020_1007173_1_MG_RL_CPH_Sewage_592,Denmark,Copenhagen,Rensningsanlaeg Lynetten,PRJEB68319,SAMEA115118081,ERX11886693,17473936,wastewater metagenome,ERR12510652,7.01,10.5,1.98,1130,208,57.3,9.5,111.7
189,1007222,1,3/20/20,DTU_2020_1007222_1_MG_RL_CPH_Sewage_649,Denmark,Copenhagen,Rensningsanlaeg Lynetten,PRJEB68319,SAMEA115118082,ERX11886764,16506794,wastewater metagenome,ERR12510723,6.96,13.3,0.85,1491,160,36.6,11,103.6
190,1007270,1,8/19/20,DTU_2020_1007270_1_MG_RL_CPH_Sewage_734,Denmark,Copenhagen,Rensningsanlaeg Lynetten,PRJEB68319,SAMEA115118083,ERX11886822,14418758,wastewater metagenome,ERR12510781,7.46,18.7,1.24,1261,190,47.4,13.8,97.3
191,1007276,1,9/28/20,DTU_2020_1007276_1_MG_RL_CPH_Sewage_2_586,Denmark,Copenhagen,Rensningsanlaeg Lynetten,PRJEB68319,SAMEA115118084,ERX11886833,322874,wastewater metagenome,ERR12510792,7.27,11.7,0.63,1327,179,54.3,10.7,103.8
192,1007275,1,9/28/19,DTU_2020_1007275_1_MG_RL_CPH_Sewage_1_586,Denmark,Copenhagen,Rensningsanlaeg Lynetten,PRJEB68319,SAMEA115118085,ERX11886831,11444943,wastewater metagenome,ERR12510790,7.43,9.3,1.4,1311,225,47.5,12.2,89.3
193,1007203,1,2/4/20,DTU_2020_1007203_1_MG_RL_CPH_Sewage_628,Denmark,Copenhagen,Rensningsanlaeg Lynetten,PRJEB68319,SAMEA115118086,ERX11886739,11848005,wastewater metagenome,ERR12510698,7.76,6.6,1.41,1148,249,52.6,11.6,97.7
194,1007200,1,2/29/20,DTU_2020_1007200_1_MG_RL_CPH_Sewage_625,Denmark,Copenhagen,Rensningsanlaeg Lynetten,PRJEB68319,SAMEA115118087,ERX11886736,4866267,wastewater metagenome,ERR12510695,7.54,4.4,2.18,1184,243,55.6,12.3,111.5
195,1007209,1,2/19/20,DTU_2020_1007209_1_MG_RL_CPH_Sewage_634,Denmark,Copenhagen,Rensningsanlaeg Lynetten,PRJEB68319,SAMEA115118088,ERX11886745,9123546,wastewater metagenome,ERR12510704,7.43,7.5,1.58,1350,142,60.4,8.7,93.4
196,1007249,1,6/29/20,DTU_2020_1007249_1_MG_RL_CPH_Sewage_710,Denmark,Copenhagen,Rensningsanlaeg Lynetten,PRJEB68319,SAMEA115118089,ERX11886800,11509850,wastewater metagenome,ERR12510759,7.27,20.1,1.18,1442,253,55.1,11.5,101.5
197,1007236,1,5/28/20,DTU_2020_1007236_1_MG_RL_CPH_Sewage_683,Denmark,Copenhagen,Rensningsanlaeg Lynetten,PRJEB68319,SAMEA115118090,ERX11886782,7549709,wastewater metagenome,ERR12510741,7.09,11.6,1.67,1174,205,46.4,10.1,133.9
198,1007180,2,11/17/19,DTU_2020_1007180_2_MG_RL_CPH_Sewage_602,Denmark,Copenhagen,Rensningsanlaeg Lynetten,PRJEB68319,SAMEA115118064,ERX11886706,7768580,wastewater metagenome,ERR12510665,7.11,10.3,0.97,1108,199,51.6,8.6,71.9
199,1007219,1,3/12/20,DTU_2020_1007219_1_MG_RL_CPH_Sewage_646,Denmark,Copenhagen,Rensningsanlaeg Lynetten,PRJEB68319,SAMEA115118091,ERX11886759,10822698,wastewater metagenome,ERR12510718,7.49,9.7,0.83,981,188,36,10.6,126.8
200,1007272,2,8/27/20,DTU_2020_1007272_2_MG_RL_CPH_Sewage_740,Denmark,Copenhagen,Rensningsanlaeg Lynetten,PRJEB68319,SAMEA115118074,ERX11886827,1582651,wastewater metagenome,ERR12510786,7.26,18.2,1.07,1232,170,39.4,8.4,121.5
201,1007258,1,7/23/20,DTU_2020_1007258_1_MG_RL_CPH_Sewage_719,Denmark,Copenhagen,Rensningsanlaeg Lynetten,PRJEB68319,SAMEA115118092,ERX11886809,12219952,wastewater metagenome,ERR12510768,7.28,20.9,0.52,973,128,29.3,10.5,110.2
202,1007230,2,5/5/20,DTU_2020_1007230_2_MG_RL_CPH_Sewage_662,Denmark,Copenhagen,Rensningsanlaeg Lynetten,PRJEB68319,SAMEA115118080,ERX11886774,4056675,wastewater metagenome,ERR12510733,7.18,13.3,0.86,1442,236,39.9,8.2,57
203,1007186,2,12/2/19,DTU_2020_1007186_2_MG_RL_CPH_Sewage_608,Denmark,Copenhagen,Rensningsanlaeg Lynetten,PRJEB68319,SAMEA115118061,ERX11886718,9286789,wastewater metagenome,ERR12510677,7.05,5.7,1.45,1212,241,49.8,10.3,138.8
204,1015068,1,3/23/21,DTU_2022_1015068_1_MG_IT_BO_210323_GSL_856,Italy,Bologna,Gruppo HERA,PRJEB68319,SAMEA115117855,ERX11886936,10470338,wastewater metagenome,ERR12510895,7.48,17.1,0.81,1506,209,49.6,10.6,87.8
205,1014216,1,3/12/20,DTU_2022_1014216_1_MG_IT_BO_200312_GSL_34,Italy,Bologna,Gruppo HERA,PRJEB68319,SAMEA115117856,ERX11886911,2353490,wastewater metagenome,ERR12510870,7.53,13.3,0.79,1369,195,26.9,8.9,101.9
206,1014228,1,6/1/20,DTU_2022_1014228_1_MG_IT_BO_200601_GSL_64,Italy,Bologna,Gruppo HERA,PRJEB68319,SAMEA115117857,ERX11886917,7330001,wastewater metagenome,ERR12510876,7.82,24.5,0.45,1545,217,36.8,13.6,76.1
207,1014220,1,4/7/20,DTU_2022_1014220_1_MG_IT_BO_200407_GSL_60,Italy,Bologna,Gruppo HERA,PRJEB68319,SAMEA115117858,ERX11886913,7723436,wastewater metagenome,ERR12510872,7.33,16.5,1.36,1362,212,44.1,9.7,116.2
208,1014231,1,6/23/20,DTU_2022_1014231_1_MG_IT_BO_200623_GSL_139,Italy,Bologna,Gruppo HERA,PRJEB68319,SAMEA115117859,ERX11886918,12283633,wastewater metagenome,ERR12510877,7.83,23.4,0.2,1555,245,33.3,9.2,77.9
209,1014224,1,5/5/20,DTU_2022_1014224_1_MG_IT_BO_200505_GSL_74,Italy,Bologna,Gruppo HERA,PRJEB68319,SAMEA115117861,ERX11886915,15041315,wastewater metagenome,ERR12510874,7.69,14.5,1.32,1609,178,40.3,6.6,83.9
210,1015062,1,2/2/21,DTU_2022_1015062_1_MG_IT_BO_210202_GSL_764,Italy,Bologna,Gruppo HERA,PRJEB68319,SAMEA115117862,ERX11886933,13804913,wastewater metagenome,ERR12510892,7.19,10.4,1.26,1396,261,48.5,10.8,120.5
211,1015050,1,11/10/20,DTU_2022_1015050_1_MG_IT_BO_201110_GSL_299,Italy,Bologna,Gruppo HERA,PRJEB68319,SAMEA115117863,ERX11886927,13388636,wastewater metagenome,ERR12510886,7.5,14.8,1.33,1384,196,52,9.5,132
212,1015041,1,9/8/20,DTU_2022_1015041_1_MG_IT_BO_200908_GSL_211,Italy,Bologna,Gruppo HERA,PRJEB68319,SAMEA115117864,ERX11886923,15326843,wastewater metagenome,ERR12510882,7.67,13.6,1.37,1576,215,54.1,10.9,68.6
213,1015047,1,10/20/20,DTU_2022_1015047_1_MG_IT_BO_201020_GSL_294,Italy,Bologna,Gruppo HERA,PRJEB68319,SAMEA115117865,ERX11886926,16104755,wastewater metagenome,ERR12510885,7.54,12.2,2.19,1735,226,59,6.4,89.1
214,1015039,1,8/25/20,DTU_2022_1015039_1_MG_IT_BO_200825_GSL_209,Italy,Bologna,Gruppo HERA,PRJEB68319,SAMEA115117866,ERX11886922,14937996,wastewater metagenome,ERR12510881,7.46,25.1,0.61,1103,230,33.4,10.5,141.5
215,1015056,1,12/22/20,DTU_2022_1015056_1_MG_IT_BO_201222_GSL_420,Italy,Bologna,Gruppo HERA,PRJEB68319,SAMEA115117867,ERX11886930,12767818,wastewater metagenome,ERR12510889,7.43,4.2,1.94,1694,201,59,9.1,127.9
216,1015058,1,1/5/21,DTU_2022_1015058_1_MG_IT_BO_210105_GSL_423,Italy,Bologna,Gruppo HERA,PRJEB68319,SAMEA115117868,ERX11886931,16082012,wastewater metagenome,ERR12510890,7.56,5.7,1.69,1563,254,57.5,9.2,135.4
217,1014226,1,5/18/20,DTU_2022_1014226_1_MG_IT_BO_200518_GSL_36,Italy,Bologna,Gruppo HERA,PRJEB68319,SAMEA115117869,ERX11886916,14122310,wastewater metagenome,ERR12510875,7.41,15.9,0.95,1396,245,41.6,6.5,125.2
218,1014218,1,3/24/20,DTU_2022_1014218_1_MG_IT_BO_200324_GSL_59,Italy,Bologna,Gruppo HERA,PRJEB68319,SAMEA115117870,ERX11886912,12954093,wastewater metagenome,ERR12510871,7.35,14,1.35,1080,326,50.4,10.4,98.9
219,1015037,1,8/6/20,DTU_2022_1015037_1_MG_IT_BO_200806_GSL_189,Italy,Bologna,Gruppo HERA,PRJEB68319,SAMEA115117871,ERX11886921,14155517,wastewater metagenome,ERR12510880,7.66,26.8,1.02,1413,192,40.8,9.6,122.7
220,1015054,1,12/10/20,DTU_2022_1015054_1_MG_IT_BO_201210_GSL_417,Italy,Bologna,Gruppo HERA,PRJEB68319,SAMEA115117872,ERX11886929,13678666,wastewater metagenome,ERR12510888,7.66,3.6,1.58,1397,234,64,11.9,114.5
221,1015043,1,9/22/20,DTU_2022_1015043_1_MG_IT_BO_200922_GSL_291,Italy,Bologna,Gruppo HERA,PRJEB68319,SAMEA115117873,ERX11886924,14024181,wastewater metagenome,ERR12510883,7.16,12.5,1.25,1529,238,59.1,11.5,110.3
222,1015045,1,10/8/20,DTU_2022_1015045_1_MG_IT_BO_201008_GSL_409,Italy,Bologna,Gruppo HERA,PRJEB68319,SAMEA115117874,ERX11886925,13248762,wastewater metagenome,ERR12510884,7.7,14.6,1.8,1578,228,57.8,12.1,99.5
223,1015060,1,1/19/21,DTU_2022_1015060_1_MG_IT_BO_210119_GSL_725,Italy,Bologna,Gruppo HERA,PRJEB68319,SAMEA115117875,ERX11886932,13403968,wastewater metagenome,ERR12510891,7.31,7.8,1.23,1378,218,52.5,6.2,134.3
224,1015033,1,7/9/20,DTU_2022_1015033_1_MG_IT_BO_200709_GSL_142,Italy,Bologna,Gruppo HERA,PRJEB68319,SAMEA115117876,ERX11886919,14048232,wastewater metagenome,ERR12510878,7.66,24.8,1.18,1159,169,35.8,8.1,116.6
225,1015072,1,4/27/21,DTU_2022_1015072_1_MG_IT_BO_210427_GSL_860,Italy,Bologna,Gruppo HERA,PRJEB68319,SAMEA115117877,ERX11886938,16753217,wastewater metagenome,ERR12510897,7,14.6,1.05,1214,202,44.2,12.7,73.8
226,1015070,1,4/13/21,DTU_2022_1015070_1_MG_IT_BO_210413_GSL_857,Italy,Bologna,Gruppo HERA,PRJEB68319,SAMEA115117878,ERX11886937,12834455,wastewater metagenome,ERR12510896,7.95,15.3,1.3,1431,180,48.5,8.1,109.5
227,1015066,1,3/9/21,DTU_2022_1015066_1_MG_IT_BO_210309_GSL_795,Italy,Bologna,Gruppo HERA,PRJEB68319,SAMEA115117879,ERX11886935,15033718,wastewater metagenome,ERR12510894,8.19,16.6,0.96,1324,199,27.8,8.6,91.8
228,1014222,1,4/21/20,DTU_2022_1014222_1_MG_IT_BO_200421_GSL_105,Italy,Bologna,Gruppo HERA,PRJEB68319,SAMEA115117880,ERX11886914,10663243,wastewater metagenome,ERR12510873,7.29,15.2,1.25,1400,200,39.4,10.3,116.5
229,1015064,1,2/23/21,DTU_2022_1015064_1_MG_IT_BO_210223_GSL_793,Italy,Bologna,Gruppo HERA,PRJEB68319,SAMEA115117881,ERX11886934,2624946,wastewater metagenome,ERR12510893,7.42,7,0.96,1277,231,62,10.5,133.9
230,1015052,1,11/26/20,DTU_2022_1015052_1_MG_IT_BO_201126_GSL_414,Italy,Bologna,Gruppo HERA,PRJEB68319,SAMEA115117882,ERX11886928,14695178,wastewater metagenome,ERR12510887,7.6,13.8,1.46,1440,177,35.5,9.7,128.5
231,1014095,1,8/17/20,DTU_2022_1014095_1_MG_HU_BU_3_200817_GSL_262,Hungary,Budapest,Budapesti Központi Szennyvíztisztító Telep,PRJEB68319,SAMEA115117883,ERX11886853,14342523,wastewater metagenome,ERR12510812,7.51,23.4,0.84,1130,175,39.5,11.2,124.1
232,1014120,1,1/18/21,DTU_2022_1014120_1_MG_HU_BU_3_210118_GSL_749,Hungary,Budapest,Budapesti Központi Szennyvíztisztító Telep,PRJEB68319,SAMEA115117884,ERX11886862,11224801,wastewater metagenome,ERR12510821,7.2,4.3,1.74,883,158,50.6,7.6,119.8
233,1014129,1,3/15/21,DTU_2022_1014129_1_MG_HU_BU_3_210315_GSL_803,Hungary,Budapest,Budapesti Központi Szennyvíztisztító Telep,PRJEB68319,SAMEA115117885,ERX11886866,596449,wastewater metagenome,ERR12510825,7.56,12.3,0.93,1145,225,32.9,12.1,98.5
234,1014086,1,6/29/20,DTU_2022_1014086_1_MG_HU_BU_3_200629_GSL_160,Hungary,Budapest,Budapesti Központi Szennyvíztisztító Telep,PRJEB68319,SAMEA115117886,ERX11886848,16437392,wastewater metagenome,ERR12510807,6.81,20.4,1.13,1156,164,35,12.3,76.2
235,1014103,1,10/5/20,DTU_2022_1014103_1_MG_HU_BU_3_201005_GSL_338,Hungary,Budapest,Budapesti Központi Szennyvíztisztító Telep,PRJEB68319,SAMEA115117887,ERX11886856,10229285,wastewater metagenome,ERR12510815,7.36,10.6,1.37,1190,178,53.7,10.1,80
236,1014114,1,12/7/20,DTU_2022_1014114_1_MG_HU_BU_3_201207_GSL_604,Hungary,Budapest,Budapesti Központi Szennyvíztisztító Telep,PRJEB68319,SAMEA115117888,ERX11886860,2310437,wastewater metagenome,ERR12510819,7.14,4.2,1.1,716,242,74.3,11.6,129.6
237,1014124,1,2/15/21,DTU_2022_1014124_1_MG_HU_BU_3_210215_GSL_772,Hungary,Budapest,Budapesti Központi Szennyvíztisztító Telep,PRJEB68319,SAMEA115117889,ERX11886864,10999646,wastewater metagenome,ERR12510823,7.34,5,1.03,1267,279,60.7,10.9,130.4
238,1014083,1,5/25/20,DTU_2022_1014083_1_MG_HU_BU_3_200525_GSL_67,Hungary,Budapest,Budapesti Központi Szennyvíztisztító Telep,PRJEB68319,SAMEA115117890,ERX11886847,1483265,wastewater metagenome,ERR12510806,7.11,13.9,0.57,1115,262,32.1,7.1,103.3
239,1014131,1,3/29/21,DTU_2022_1014131_1_MG_HU_BU_3_210329_GSL_818,Hungary,Budapest,Budapesti Központi Szennyvíztisztító Telep,PRJEB68319,SAMEA115117891,ERX11886867,11365566,wastewater metagenome,ERR12510826,7.26,13.3,0.71,1323,136,35.4,9.8,67.1
240,1014121,1,1/25/21,DTU_2022_1014121_1_MG_HU_BU_3_210125_GSL_750,Hungary,Budapest,Budapesti Központi Szennyvíztisztító Telep,PRJEB68319,SAMEA115117892,ERX11886863,623071,wastewater metagenome,ERR12510822,7.21,7.5,1.59,911,225,52,9.4,155.6
241,1014125,1,2/22/21,DTU_2022_1014125_1_MG_HU_BU_3_210222_GSL_776,Hungary,Budapest,Budapesti Központi Szennyvíztisztító Telep,PRJEB68319,SAMEA115117893,ERX11886865,11211125,wastewater metagenome,ERR12510824,7.26,3.3,1.7,1271,313,46.9,8.4,104.8
242,1014106,1,10/27/20,DTU_2022_1014106_1_MG_HU_BU_3_201027_GSL_346,Hungary,Budapest,Budapesti Központi Szennyvíztisztító Telep,PRJEB68319,SAMEA115117894,ERX11886857,378915,wastewater metagenome,ERR12510816,7.45,12.7,1.47,1052,206,48.3,14.2,67.8
243,1014111,1,11/23/20,DTU_2022_1014111_1_MG_HU_BU_3_201123_GSL_599,Hungary,Budapest,Budapesti Központi Szennyvíztisztító Telep,PRJEB68319,SAMEA115117895,ERX11886859,9075956,wastewater metagenome,ERR12510818,7.2,15,1.42,1046,193,66,5.6,130.7
244,1014099,1,9/15/20,DTU_2022_1014099_1_MG_HU_BU_3_200915_GSL_326,Hungary,Budapest,Budapesti Központi Szennyvíztisztító Telep,PRJEB68319,SAMEA115117896,ERX11886855,4640527,wastewater metagenome,ERR12510814,7.09,11.6,1.74,860,218,71.2,7.3,103.8
245,1014138,1,5/17/21,DTU_2022_1014138_1_MG_HU_BU_3_210517_GSL_948,Hungary,Budapest,Budapesti Központi Szennyvíztisztító Telep,PRJEB68319,SAMEA115117897,ERX11886871,10953587,wastewater metagenome,ERR12510830,7.2,13.6,0.54,1173,272,40.5,11.4,74.1
246,1014089,1,7/6/20,DTU_2022_1014089_1_MG_HU_BU_3_200706_GSL_168,Hungary,Budapest,Budapesti Központi Szennyvíztisztító Telep,PRJEB68319,SAMEA115117898,ERX11886850,1376102,wastewater metagenome,ERR12510809,7.57,22.7,0.94,1053,200,32,11.2,117.6
247,1014117,1,12/28/20,DTU_2022_1014117_1_MG_HU_BU_3_201228_GSL_715,Hungary,Budapest,Budapesti Központi Szennyvíztisztító Telep,PRJEB68319,SAMEA115117899,ERX11886861,8465969,wastewater metagenome,ERR12510820,7.27,4.3,1.33,1090,334,53,9.3,117
248,1014098,1,9/7/20,DTU_2022_1014098_1_MG_HU_BU_3_200907_GSL_274,Hungary,Budapest,Budapesti Központi Szennyvíztisztító Telep,PRJEB68319,SAMEA115117900,ERX11886854,6966236,wastewater metagenome,ERR12510813,7.04,11.7,2.03,1313,176,40.1,12,86.3
249,1014137,1,4/4/21,DTU_2022_1014137_1_MG_HU_BU_3_210404_GSL_944,Hungary,Budapest,Budapesti Központi Szennyvíztisztító Telep,PRJEB68319,SAMEA115117901,ERX11886870,2827476,wastewater metagenome,ERR12510829,7.42,10,0.32,1210,201,34.4,9.2,113.7
250,1014087,1,6/1/20,DTU_2022_1014087_1_MG_HU_BU_3_200601_GSL_166,Hungary,Budapest,Budapesti Központi Szennyvíztisztító Telep,PRJEB68319,SAMEA115117902,ERX11886849,10357244,wastewater metagenome,ERR12510808,7.69,22.9,0.2,1343,204,34.8,7.3,96.2
251,1014135,1,5/4/21,DTU_2022_1014135_1_MG_HU_BU_3_210504_GSL_911,Hungary,Budapest,Budapesti Központi Szennyvíztisztító Telep,PRJEB68319,SAMEA115117903,ERX11886869,8469231,wastewater metagenome,ERR12510828,7.58,12.8,0.22,1098,150,44.9,11.8,91.6
252,1014107,1,11/3/20,DTU_2022_1014107_1_MG_HU_BU_3_201103_GSL_404,Hungary,Budapest,Budapesti Központi Szennyvíztisztító Telep,PRJEB68319,SAMEA115117904,ERX11886858,5793847,wastewater metagenome,ERR12510817,7.31,12.3,1.66,1285,157,60.4,12.4,64.4
253,1014082,1,5/18/20,DTU_2022_1014082_1_MG_HU_BU_3_200518_GSL_42,Hungary,Budapest,Budapesti Központi Szennyvíztisztító Telep,PRJEB68319,SAMEA115117905,ERX11886846,3377412,wastewater metagenome,ERR12510805,7.18,12.2,0.94,1027,173,42.3,7.8,78.3
254,1014093,1,8/3/20,DTU_2022_1014093_1_MG_HU_BU_3_200803_GSL_242,Hungary,Budapest,Budapesti Központi Szennyvíztisztító Telep,PRJEB68319,SAMEA115117906,ERX11886852,9949894,wastewater metagenome,ERR12510811,7.37,20.3,0.99,841,173,51.6,8,90.7
255,1014134,1,4/26/21,DTU_2022_1014134_1_MG_HU_BU_3_210426_GSL_907,Hungary,Budapest,Budapesti Központi Szennyvíztisztító Telep,PRJEB68319,SAMEA115117907,ERX11886868,12205274,wastewater metagenome,ERR12510827,7.14,14.2,0.56,1313,270,49.8,10.2,83.8
256,1014091,1,7/27/20,DTU_2022_1014091_1_MG_HU_BU_3_200721_GSL_198,Hungary,Budapest,Budapesti Központi Szennyvíztisztító Telep,PRJEB68319,SAMEA115117908,ERX11886851,10502064,wastewater metagenome,ERR12510810,7.3,22.8,1.36,1198,140,50.4,8,92.3
257,1015089,1,7/14/20,DTU_2022_1015089_1_MG_IT_RO_200714_GSL_353,Italy,Rome,ATO2 Wastewater Treatment Plant,PRJEB68319,SAMEA115117909,ERX11886947,2704426,wastewater metagenome,ERR12510906,8.38,31,1.04,1423,221,49.1,9.4,135.9
258,1015094,1,8/26/20,DTU_2022_1015094_1_MG_IT_RO_200826_GSL_358,Italy,Rome,ATO2 Wastewater Treatment Plant,PRJEB68319,SAMEA115117910,ERX11886950,5352461,wastewater metagenome,ERR12510909,7.77,28.7,0.97,1576,175,37.5,7.8,108.8
259,1015096,1,9/8/20,DTU_2022_1015096_1_MG_IT_RO_200908_GSL_360,Italy,Rome,ATO2 Wastewater Treatment Plant,PRJEB68319,SAMEA115117911,ERX11886951,8356424,wastewater metagenome,ERR12510910,8.02,16.7,1.5,1550,156,51.9,11.4,117
260,1015077,1,4/14/20,DTU_2022_1015077_1_MG_IT_RO_200414_GSL_5,Italy,Rome,ATO2 Wastewater Treatment Plant,PRJEB68319,SAMEA115117912,ERX11886941,11116685,wastewater metagenome,ERR12510900,7.22,15.9,0.66,1584,223,46,10.1,100.1
261,1015087,1,6/30/20,DTU_2022_1015087_1_MG_IT_RO_200630_GSL_351,Italy,Rome,ATO2 Wastewater Treatment Plant,PRJEB68319,SAMEA115117913,ERX11886946,729590,wastewater metagenome,ERR12510905,7.71,29,1,1371,114,50.8,9,82.7
262,1015075,1,3/31/20,DTU_2022_1015075_1_MG_IT_RO_200331_GSL_3,Italy,Rome,ATO2 Wastewater Treatment Plant,PRJEB68319,SAMEA115117914,ERX11886940,7401416,wastewater metagenome,ERR12510899,7.86,15.4,1.05,1553,145,51.7,10.5,92.6
263,1015100,1,10/6/20,DTU_2022_1015100_1_MG_IT_RO_201006_GSL_364,Italy,Rome,ATO2 Wastewater Treatment Plant,PRJEB68319,SAMEA115117915,ERX11886953,8717459,wastewater metagenome,ERR12510912,7.7,13.3,1.09,1247,139,63.9,8.7,130.7
264,1015085,1,6/16/20,DTU_2022_1015085_1_MG_IT_RO_200616_GSL_91,Italy,Rome,ATO2 Wastewater Treatment Plant,PRJEB68319,SAMEA115117916,ERX11886945,11710278,wastewater metagenome,ERR12510904,7.32,25.4,1.29,1427,178,43.3,11,122.3
265,1015078,1,4/21/20,DTU_2022_1015078_1_MG_IT_RO_200421_GSL_84,Italy,Rome,ATO2 Wastewater Treatment Plant,PRJEB68319,SAMEA115117917,ERX11886942,11443276,wastewater metagenome,ERR12510901,7.27,15.5,0.63,1489,161,34.3,10.7,99
266,1015081,1,5/12/20,DTU_2022_1015081_1_MG_IT_RO_200512_GSL_87,Italy,Rome,ATO2 Wastewater Treatment Plant,PRJEB68319,SAMEA115117918,ERX11886943,12120369,wastewater metagenome,ERR12510902,7.54,14.9,0.43,1584,241,27.2,8.1,70.1
267,1015083,1,5/26/20,DTU_2022_1015083_1_MG_IT_RO_200526_GSL_89,Italy,Rome,ATO2 Wastewater Treatment Plant,PRJEB68319,SAMEA115117919,ERX11886944,16555477,wastewater metagenome,ERR12510903,7.24,15.9,0.43,1299,208,42.6,8.6,103.5
268,1015098,1,9/22/20,DTU_2022_1015098_1_MG_IT_RO_200922_GSL_362,Italy,Rome,ATO2 Wastewater Treatment Plant,PRJEB68319,SAMEA115117920,ERX11886952,15303532,wastewater metagenome,ERR12510911,8.02,15.6,2.04,1255,233,61.5,7.7,116.4
269,1015105,1,11/10/20,DTU_2022_1015105_1_MG_IT_RO_201110_GSL_369,Italy,Rome,ATO2 Wastewater Treatment Plant,PRJEB68319,SAMEA115117921,ERX11886955,19923388,wastewater metagenome,ERR12510914,7.37,14.3,1.91,1491,222,57.7,10.8,73.5
270,1015107,1,11/24/20,DTU_2022_1015107_1_MG_IT_RO_201124_GSL_371,Italy,Rome,ATO2 Wastewater Treatment Plant,PRJEB68319,SAMEA115117922,ERX11886956,11839891,wastewater metagenome,ERR12510915,7.54,17.8,1.48,1220,221,59.6,9.9,122.5
271,1015109,1,12/9/20,DTU_2022_1015109_1_MG_IT_RO_201209_GSL_373,Italy,Rome,ATO2 Wastewater Treatment Plant,PRJEB68319,SAMEA115117923,ERX11886958,13475108,wastewater metagenome,ERR12510917,7.35,10.8,1.49,1424,259,52,9.7,146.5
272,1015073,1,3/17/20,DTU_2022_1015073_1_MG_IT_RO_200317_GSL_1,Italy,Rome,ATO2 Wastewater Treatment Plant,PRJEB68319,SAMEA115117924,ERX11886939,12171587,wastewater metagenome,ERR12510898,8.04,13.6,1.35,1256,228,38,10.5,105.9
273,1015093,1,8/13/20,DTU_2022_1015093_1_MG_IT_RO_200813_GSL_357,Italy,Rome,ATO2 Wastewater Treatment Plant,PRJEB68319,SAMEA115117925,ERX11886949,11320197,wastewater metagenome,ERR12510908,7.43,26.8,0.43,1325,197,36.3,11.4,129.7
274,1015091,1,7/31/20,DTU_2022_1015091_1_MG_IT_RO_200731_GSL_355,Italy,Rome,ATO2 Wastewater Treatment Plant,PRJEB68319,SAMEA115117926,ERX11886948,485854,wastewater metagenome,ERR12510907,7.72,28.4,0.99,1461,230,45.9,7.5,117.4
275,1015103,1,10/27/20,DTU_2022_1015103_1_MG_IT_RO_201027_GSL_367,Italy,Rome,ATO2 Wastewater Treatment Plant,PRJEB68319,SAMEA115117927,ERX11886954,12202123,wastewater metagenome,ERR12510913,7.61,14.9,1.77,1419,243,73.9,8.4,72.4
276,1015108,1,12/1/20,DTU_2022_1015108_1_MG_IT_RO_201201_GSL_372,Italy,Rome,ATO2 Wastewater Treatment Plant,PRJEB68319,SAMEA115117928,ERX11886957,12035758,wastewater metagenome,ERR12510916,7.54,11.1,2.08,1249,278,50.2,13.4,169.9